season,gw,fixture_id,kickoff_time,team_h_id,team_h_name,team_a_id,team_a_name,team_h_score,team_a_score,result,B365H,B365D,B365A,implied_prob_h,implied_prob_d,implied_prob_a,transfer_ratio,ownership_ratio,captain_proxy,dcs_ratio,velocity_delta,total_selected_h,total_selected_a,net_transfers_h,net_transfers_a,p_fpl_only_A,p_fpl_only_D,p_fpl_only_H,p_odds_only_A,p_odds_only_D,p_odds_only_H,p_fpl_odds_A,p_fpl_odds_D,p_fpl_odds_H,crowd_favorite,odds_favorite
2025-26,1,1,2025-08-15T19:00:00Z,12,Liverpool,4,Bournemouth,4.0,2.0,H,,,,0.45,0.27,0.28,0.0,0.9398428855746528,0.0,0.8947320604352831,0.0,18661149.0,2009347.0,0.0,0.0,0.022683330852137255,0.24241331685430123,0.7349033522935614,0.27885859557749526,0.2748214130603427,0.44631999136216216,0.21596120631327223,0.3128556760835671,0.47118311760316056,H,H
2025-26,1,2,2025-08-16T11:30:00Z,2,Aston Villa,15,Newcastle,0.0,0.0,D,,,,0.45,0.27,0.28,0.0,0.6310543878116265,0.0,0.6718611901544379,0.0,8596554.0,4761456.0,0.0,0.0,0.23339891789358397,0.2502384428537936,0.5163626392526224,0.27885859557749526,0.2748214130603427,0.44631999136216216,0.2479260486367063,0.2844241470323311,0.46764980433096265,H,H
2025-26,1,3,2025-08-16T14:00:00Z,6,Brighton,10,Fulham,1.0,1.0,D,,,,0.45,0.27,0.28,0.0,0.6966969693793773,0.0,0.7172872341445805,0.0,3928185.0,1700914.0,0.0,0.0,0.1962453681838693,0.2513939479968955,0.5523606838192352,0.27885859557749526,0.2748214130603427,0.44631999136216216,0.24396734062811026,0.29340509654436986,0.4626275628275199,H,H
2025-26,1,6,2025-08-16T14:00:00Z,18,Spurs,3,Burnley,3.0,0.0,H,,,,0.45,0.27,0.28,0.0,0.6423208471589038,0.0,0.5034105315193987,0.0,10041401.0,7474830.0,0.0,0.0,0.2375661626831719,0.23694930860008406,0.525484528716744,0.27885859557749526,0.2748214130603427,0.44631999136216216,0.276676463673361,0.27233726761229793,0.45098626871434105,H,H
2025-26,1,5,2025-08-16T14:00:00Z,17,Sunderland,19,West Ham,3.0,0.0,H,,,,0.45,0.27,0.28,0.0,0.31813821511795787,0.0,0.21516193997717273,0.0,3809797.0,6576525.0,0.0,0.0,0.42847963261932964,0.20526210693824795,0.3662582604424224,0.27885859557749526,0.2748214130603427,0.44631999136216216,0.32231359476110866,0.2186374483544633,0.4590489568844281,A,H
2025-26,1,7,2025-08-16T16:30:00Z,20,Wolves,13,Man City,0.0,4.0,A,,,,0.45,0.27,0.28,0.0,0.110276829448899,0.0,0.19652671213507475,0.0,2156212.0,10702778.0,0.0,0.0,0.6529321987769634,0.18860620509778125,0.15846159612525534,0.27885859557749526,0.2748214130603427,0.44631999136216216,0.3302418478332735,0.21265481465269892,0.4571033375140276,A,H
2025-26,1,8,2025-08-17T13:00:00Z,7,Chelsea,8,Crystal Palace,0.0,0.0,D,,,,0.45,0.27,0.28,0.0,0.8045258304174262,0.0,0.6240045810141671,0.0,18569387.0,6004477.0,0.0,0.0,0.12942903295889047,0.23079427139300734,0.6397766956481022,0.27885859557749526,0.2748214130603427,0.44631999136216216,0.24396734062811026,0.29340509654436986,0.4626275628275199,H,H
2025-26,1,4,2025-08-17T13:00:00Z,16,Nott'm Forest,5,Brentford,3.0,1.0,H,,,,0.45,0.27,0.28,0.0,0.8149595960177338,0.0,0.7918860174588676,0.0,9285311.0,2361074.0,0.0,0.0,0.12064279367500415,0.24427596214394914,0.6350812441810467,0.27885859557749526,0.2748214130603427,0.44631999136216216,0.23558385874704268,0.3012365962416,0.4631795450113573,H,H
2025-26,1,9,2025-08-17T15:30:00Z,14,Man Utd,1,Arsenal,0.0,1.0,A,,,,0.45,0.27,0.28,0.0,0.39309941629960826,0.0,0.22062970345303293,0.0,7348665.0,11432523.0,0.0,0.0,0.38540831187900615,0.21049438894508907,0.4040972991759048,0.27885859557749526,0.2748214130603427,0.44631999136216216,0.3220598777761868,0.21917871125562996,0.4587614109681833,H,H
2025-26,1,10,2025-08-18T19:00:00Z,11,Leeds,9,Everton,1.0,0.0,H,,,,0.45,0.27,0.28,0.0,0.20684450090012133,0.0,0.329102317887562,0.0,1726832.0,5246953.0,0.0,0.0,0.5338243214077892,0.20533803211924906,0.26083764647296165,0.27885859557749526,0.2748214130603427,0.44631999136216216,0.31242650255080895,0.23179988070695492,0.45577361674223604,A,H
2025-26,2,20,2025-08-22T19:00:00Z,19,West Ham,7,Chelsea,1.0,5.0,A,,,,0.45,0.27,0.28,-0.8500975804866612,0.16814965193202674,-0.16056320518183614,0.3557528588547086,-2734685.0,5834630.0,20562177.0,-986171.0,-173896.0,0.6815146582458762,0.24631567552242903,0.0721696662316947,0.27885859557749526,0.2748214130603427,0.44631999136216216,0.31240119943076944,0.32224000882836673,0.3653587917408638,A,H
2025-26,2,18,2025-08-23T11:30:00Z,13,Man City,18,Spurs,0.0,2.0,A,,,,0.45,0.27,0.28,0.8215385213170416,0.6312196389613,0.05771547797310242,0.4229193758941368,1745111.0,14056529.0,11650041.0,1099442.0,238829.0,0.2570923594797226,0.18655006527077683,0.5563575752495006,0.27885859557749526,0.2748214130603427,0.44631999136216216,0.27644163597891236,0.2449122113962936,0.47864615262479393,H,H
2025-26,2,12,2025-08-23T14:00:00Z,4,Bournemouth,20,Wolves,1.0,0.0,H,,,,0.45,0.27,0.28,0.9395534914434975,0.6902396399052221,0.3090392679289998,0.5620272048623244,2041542.0,4065077.0,2170400.0,1121172.0,-72130.0,0.14685312638093456,0.14197887761489758,0.7111679960041678,0.27885859557749526,0.2748214130603427,0.44631999136216216,0.2613428476184071,0.17508399369628078,0.5635731586853121,H,H
2025-26,2,13,2025-08-23T14:00:00Z,5,Brentford,2,Aston Villa,1.0,0.0,H,,,,0.45,0.27,0.28,-0.30026355310815983,0.1712740132947362,-0.03416866674865715,0.29219908461819033,-412988.0,2343491.0,8991959.0,-203933.0,-475246.0,0.6144167981099002,0.21106357442829377,0.17451962746180605,0.27885859557749526,0.2748214130603427,0.44631999136216216,0.32399887448901926,0.24701821288744902,0.4289829126235317,A,H
2025-26,2,14,2025-08-23T14:00:00Z,3,Burnley,17,Sunderland,2.0,0.0,H,,,,0.45,0.27,0.28,-0.014451653912801656,0.5731136127876133,-0.1552871057672298,0.741747384543286,-1083023.0,8067717.0,5485707.0,-12368.0,843450.0,0.2863302558748476,0.3006363901762759,0.4130333539488765,0.27885859557749526,0.2748214130603427,0.44631999136216216,0.24239157038888356,0.3586782738526939,0.39893015575842244,H,H
2025-26,2,11,2025-08-23T16:30:00Z,1,Arsenal,11,Leeds,5.0,0.0,H,,,,0.45,0.27,0.28,0.9861712673526029,0.9223911320665974,0.04792868459489545,0.8673373703413136,3162785.0,14811895.0,1943419.0,794857.0,11145.0,0.019945843407095664,0.25832008749822766,0.7217340690946767,0.27885859557749526,0.2748214130603427,0.44631999136216216,0.17884512789234705,0.2843660965943733,0.5367887755132796,H,H
2025-26,2,15,2025-08-24T13:00:00Z,8,Crystal Palace,16,Nott'm Forest,1.0,1.0,D,,,,0.45,0.27,0.28,0.040750857814860854,0.39312180925771545,-0.03410303998461907,0.3628871649216902,-434927.0,6879679.0,10595440.0,16425.0,386633.0,0.37237739445777784,0.23453780008132785,0.39308480546089425,0.27885859557749526,0.2748214130603427,0.44631999136216216,0.3151283257665556,0.26546829741059613,0.4194033768228483,H,H
2025-26,2,16,2025-08-24T13:00:00Z,9,Everton,6,Brighton,2.0,0.0,H,,,,0.45,0.27,0.28,-0.6946498726432566,0.5774958390197408,-0.040916258177767006,0.5468718043328065,-201228.0,5237269.0,4119729.0,-485711.0,-213505.0,0.29150802322146663,0.24934380554241503,0.4591481712361184,0.27885859557749526,0.2748214130603427,0.44631999136216216,0.24753225873487944,0.2949202785529569,0.4575474627121636,H,H
2025-26,2,17,2025-08-24T15:30:00Z,10,Fulham,14,Man Utd,1.0,1.0,D,,,,0.45,0.27,0.28,-0.41634482844263415,0.13082465671086138,-0.07238508395705788,0.26318412683343617,-1275119.0,1789646.0,8712516.0,-100581.0,140999.0,0.6738180862718319,0.20774985401859697,0.11843205970957116,0.27885859557749526,0.2748214130603427,0.44631999136216216,0.325010426157777,0.26020964803553914,0.4147799258066839,A,H
2025-26,2,19,2025-08-25T19:00:00Z,15,Newcastle,12,Liverpool,2.0,3.0,A,,,,0.45,0.27,0.28,-0.3090945623455884,0.14300366729611727,-0.051864443093723234,0.25417311107593454,-811648.0,4952104.0,19663445.0,-587641.0,-1313527.0,0.659141423263413,0.20098348275991426,0.13987509397667278,0.27885859557749526,0.2748214130603427,0.44631999136216216,0.32399887448901926,0.24701821288744902,0.4289829126235317,A,H
2025-26,3,23,2025-08-30T11:30:00Z,7,Chelsea,10,Fulham,2.0,0.0,H,,,,0.45,0.27,0.28,-0.9118447842365609,0.9416338976955052,0.007640688673567916,0.9115000918335053,149156.0,20661903.0,1740216.0,-1067690.0,-103221.0,0.022683330852137255,0.23715727156207117,0.7401593975857916,0.27885859557749526,0.2748214130603427,0.44631999136216216,0.2163982625535827,0.3114122126117759,0.4721895248346414,H,H
2025-26,3,26,2025-08-30T14:00:00Z,14,Man Utd,3,Burnley,3.0,2.0,H,,,,0.45,0.27,0.28,0.9379100733307604,0.6761163822425262,0.03792351898474935,0.26227550925572324,998833.0,9911052.0,8267420.0,408261.0,27026.0,0.21839238125180888,0.16277451147035019,0.6188331072778409,0.27885859557749526,0.2748214130603427,0.44631999136216216,0.3183665011234177,0.21643665252032043,0.46519684635626185,H,H
2025-26,3,29,2025-08-30T14:00:00Z,18,Spurs,4,Bournemouth,0.0,1.0,A,,,,0.45,0.27,0.28,0.7459866189620864,0.7388382742517637,-0.006773757271790304,0.8679589802283136,3088170.0,15892711.0,5219577.0,2926739.0,996573.0,0.11443882495789144,0.2882324352556811,0.5973287397864275,0.27885859557749526,0.2748214130603427,0.44631999136216216,0.1808053126758001,0.2781187586273696,0.5410759286968302,H,H
2025-26,3,28,2025-08-30T14:00:00Z,17,Sunderland,5,Brentford,2.0,1.0,H,,,,0.45,0.27,0.28,-0.8441005026115851,0.6181529994101626,-0.19047581789461338,0.5282361037521544,-1061609.0,4775807.0,2695200.0,-685375.0,126583.0,0.2971163072951223,0.27011218914130913,0.4327715035635686,0.27885859557749526,0.2748214130603427,0.44631999136216216,0.2741464804147599,0.3094258496199016,0.4164276699653384,H,H
2025-26,3,30,2025-08-30T14:00:00Z,20,Wolves,9,Everton,2.0,3.0,A,,,,0.45,0.27,0.28,-0.46470949407059153,0.21696370825735542,-0.18774431551895462,0.2447943090791111,-952082.0,1940125.0,5959076.0,-264903.0,305136.0,0.6015461830468319,0.2429246456042124,0.1555291713489556,0.27885859557749526,0.2748214130603427,0.44631999136216216,0.31631784668970414,0.28159938900605097,0.402082764304245,A,H
2025-26,3,24,2025-08-30T16:30:00Z,11,Leeds,15,Newcastle,0.0,0.0,D,,,,0.45,0.27,0.28,-0.18130682704619533,0.18416899383206178,-0.16323798870830103,0.27678680951573126,-1294041.0,1872064.0,6174790.0,-128996.0,582482.0,0.603872849803259,0.24600576289309686,0.1501213873036442,0.27885859557749526,0.2748214130603427,0.44631999136216216,0.32347892967240965,0.288762998835257,0.3877580714923334,A,H
2025-26,3,22,2025-08-31T13:00:00Z,6,Brighton,13,Man City,2.0,1.0,H,,,,0.45,0.27,0.28,-0.5155939015515992,0.13425863268498323,-0.14180626139927394,0.2849132702939436,-729062.0,3480458.0,14146320.0,-641934.0,-603103.0,0.69929545560222,0.23953179340801695,0.06117275098976303,0.27885859557749526,0.2748214130603427,0.44631999136216216,0.32068017782709124,0.27095966827425444,0.4083601538986543,A,H
2025-26,3,27,2025-08-31T13:00:00Z,16,Nott'm Forest,19,West Ham,0.0,3.0,A,,,,0.45,0.27,0.28,0.47507364544976327,0.7548924767557293,0.34277213998364187,0.6883638807782806,3041950.0,12481370.0,4678610.0,1083738.0,-1197461.0,0.11932717754079589,0.14212710906609569,0.7385457133931085,0.27885859557749526,0.2748214130603427,0.44631999136216216,0.22284493055135499,0.1659367210633403,0.6112183483853048,H,H
2025-26,3,25,2025-08-31T15:30:00Z,12,Liverpool,1,Arsenal,1.0,0.0,H,,,,0.45,0.27,0.28,-0.45815927022676234,0.6333448739100954,0.010968201407331374,0.4041290449022283,-831147.0,20104421.0,16084018.0,-461064.0,-545275.0,0.2556003530165891,0.21076951602107644,0.5336301309623345,0.27885859557749526,0.2748214130603427,0.44631999136216216,0.28632420855067414,0.2746825780756284,0.4389932133736975,H,H
2025-26,3,21,2025-08-31T18:00:00Z,2,Aston Villa,8,Crystal Palace,0.0,3.0,A,,,,0.45,0.27,0.28,-0.8213274127953164,0.5924204704185005,-0.1559855027288924,0.4945381762313477,-174639.0,8137127.0,6199486.0,-987353.0,214789.0,0.29758978324227864,0.26159702621295805,0.4408131905447633,0.27885859557749526,0.2748214130603427,0.44631999136216216,0.2771132404927451,0.28627521361582364,0.4366115458914311,H,H
2025-26,4,31,2025-09-13T11:30:00Z,1,Arsenal,16,Nott'm Forest,3.0,0.0,H,,,,0.45,0.27,0.28,0.14444626227742455,0.6582337160346581,0.21447550333225932,0.6507937603360746,3725877.0,17419642.0,10091117.0,332852.0,-1971478.0,0.1681261227435547,0.16021392382894845,0.6716599534274968,0.27885859557749526,0.2748214130603427,0.44631999136216216,0.21392295257594224,0.18057233489021976,0.6055047125338381,H,H
2025-26,4,32,2025-09-13T14:00:00Z,4,Bournemouth,6,Brighton,2.0,1.0,H,,,,0.45,0.27,0.28,0.8321928210333087,0.7433579355645775,0.3903314203283895,0.5853639270924359,2698643.0,7640740.0,3202978.0,2013756.0,-406062.0,0.1264551462892633,0.1392343068412365,0.7343105468695003,0.27885859557749526,0.2748214130603427,0.44631999136216216,0.24097309348600576,0.1625340839207748,0.5964928225932196,H,H
2025-26,4,35,2025-09-13T14:00:00Z,8,Crystal Palace,17,Sunderland,0.0,0.0,D,,,,0.45,0.27,0.28,0.8921266559746331,0.771750079635665,0.2685047165224407,0.7443484907146158,3943018.0,8433466.0,3066769.0,1699363.0,-205481.0,0.10707430879963187,0.1506745090621702,0.742251182138198,0.27885859557749526,0.2748214130603427,0.44631999136216216,0.19829157798723182,0.17894762199743902,0.6227608000153292,H,H
2025-26,4,36,2025-09-13T14:00:00Z,9,Everton,2,Aston Villa,0.0,0.0,D,,,,0.45,0.27,0.28,0.5695408324023946,0.5130089604496275,0.3494952093269936,0.4204524503477521,2583086.0,7671486.0,7266451.0,1491243.0,-1127081.0,0.29131366449535256,0.055267011859208945,0.6534193236454385,0.27885859557749526,0.2748214130603427,0.44631999136216216,0.2886972818225561,0.15268001867852693,0.558622699498917,H,H
2025-26,4,37,2025-09-13T14:00:00Z,10,Fulham,11,Leeds,1.0,0.0,H,,,,0.45,0.27,0.28,0.7467607885255422,0.5546806511971906,0.07129545866728887,0.36911744152382475,252567.0,2149457.0,2028738.0,239183.0,81110.0,0.31015831378869924,0.21223475506688705,0.47760693114441366,0.27885859557749526,0.2748214130603427,0.44631999136216216,0.3049764149983453,0.22155892593385507,0.4734646590677996,H,H
2025-26,4,39,2025-09-13T14:00:00Z,15,Newcastle,20,Wolves,1.0,0.0,H,,,,0.45,0.27,0.28,0.4451639004673979,0.8113394706259279,0.20202893031248154,0.8176889595293679,218599.0,6181995.0,1728731.0,228869.0,-285253.0,0.1137221688274854,0.19532148591896348,0.6909563452535512,0.27885859557749526,0.2748214130603427,0.44631999136216216,0.24424403182982357,0.27678847166936643,0.4789674965008099,H,H
2025-26,4,40,2025-09-13T16:30:00Z,19,West Ham,18,Spurs,0.0,3.0,A,,,,0.45,0.27,0.28,-0.6441550875269598,0.20058743247945643,-0.11583712759618063,0.23865017159767216,-599647.0,4462101.0,16275849.0,-448893.0,247977.0,0.6106956866573421,0.21624488680016735,0.17305942654249057,0.27885859557749526,0.2748214130603427,0.44631999136216216,0.3172830804315863,0.26774383031772553,0.41497308925068815,A,H
2025-26,4,33,2025-09-13T19:00:00Z,5,Brentford,7,Chelsea,2.0,2.0,D,,,,0.45,0.27,0.28,-0.600077767343585,0.06831425648901646,-0.06426411294245067,0.1749908173286704,-2596087.0,2370192.0,22932982.0,-163586.0,-109021.0,0.7723731315677556,0.20374332049956528,0.023883547932679237,0.27885859557749526,0.2748214130603427,0.44631999136216216,0.3571719561925758,0.25327750599483756,0.38955053781258675,A,H
2025-26,4,34,2025-09-14T13:00:00Z,3,Burnley,12,Liverpool,0.0,1.0,A,,,,0.45,0.27,0.28,-0.1639277264272918,0.13384836268461928,-0.1047006164147733,0.49325167479322807,-3362993.0,8128105.0,23328099.0,-306446.0,1562950.0,0.698560956937768,0.24051111352317905,0.06092792953905307,0.27885859557749526,0.2748214130603427,0.44631999136216216,0.3177343851995235,0.3267568219954925,0.35550879280498393,A,H
2025-26,4,38,2025-09-14T15:30:00Z,13,Man City,14,Man Utd,3.0,0.0,H,,,,0.45,0.27,0.28,-0.4910379855682271,0.6473224649745312,0.06866762019497645,0.6530075995669256,510583.0,12983706.0,8237855.0,-1407061.0,-1458421.0,0.24090170561988566,0.2332127234926761,0.5258855708874381,0.27885859557749526,0.2748214130603427,0.44631999136216216,0.24299694113109802,0.28444781038478056,0.4725552484841214,H,H
2025-26,5,46,2025-09-20T11:30:00Z,12,Liverpool,9,Everton,2.0,1.0,H,,,,0.45,0.27,0.28,-0.8347591270693904,0.8264828367565831,-0.0053875966314508045,0.7327797219751004,-85925.0,23175830.0,7605142.0,-314690.0,-62292.0,0.12192843731612624,0.24163407663520217,0.6364374860486717,0.27885859557749526,0.2748214130603427,0.44631999136216216,0.23558385874704268,0.3012365962416,0.4631795450113573,H,H
2025-26,5,43,2025-09-20T14:00:00Z,6,Brighton,18,Spurs,2.0,2.0,D,,,,0.45,0.27,0.28,-0.27743799373710054,0.13614391757943034,-0.12060293637247335,0.13015577368179884,-1180551.0,3007404.0,17260826.0,-249490.0,649773.0,0.6804102315412113,0.2011415666588212,0.11844820179996747,0.27885859557749526,0.2748214130603427,0.44631999136216216,0.3444626055586517,0.2339804498224372,0.4215569446189112,A,H
2025-26,5,44,2025-09-20T14:00:00Z,3,Burnley,16,Nott'm Forest,1.0,1.0,D,,,,0.45,0.27,0.28,0.10473422989955108,0.37266971913918373,0.0886261444389979,0.5766965822437496,597782.0,8319424.0,9684654.0,88376.0,-755435.0,0.3561748949330809,0.22701808344121993,0.4168070216256992,0.27885859557749526,0.2748214130603427,0.44631999136216216,0.28216016065582494,0.25823840125017367,0.45960143809400134,H,H
2025-26,5,49,2025-09-20T14:00:00Z,19,West Ham,8,Crystal Palace,1.0,2.0,A,,,,0.45,0.27,0.28,-0.43987195075816105,0.3072933492469967,-0.15900499843614124,0.2620417001267623,-821904.0,4124928.0,8918197.0,-412771.0,525617.0,0.48716434097809824,0.23231262617635012,0.28052303284555175,0.27885859557749526,0.2748214130603427,0.44631999136216216,0.3157845689982419,0.28115143574522267,0.40306399525653547,A,H
2025-26,5,50,2025-09-20T14:00:00Z,20,Wolves,11,Leeds,1.0,3.0,A,,,,0.45,0.27,0.28,-0.5270741496151062,0.47048734772627426,-0.05663190729667536,0.3316714930809415,-69893.0,1721520.0,2091420.0,-56077.0,50315.0,0.3300298216001668,0.2425589586336682,0.42741121976616503,0.27885859557749526,0.2748214130603427,0.44631999136216216,0.30384692245559375,0.2590321095242025,0.4371209680202037,H,H
2025-26,5,47,2025-09-20T16:30:00Z,14,Man Utd,7,Chelsea,2.0,1.0,H,,,,0.45,0.27,0.28,-0.7454223658386561,0.25041681095459256,-0.13042918762702962,0.18915479945074212,-1328167.0,7567010.0,23590304.0,-889514.0,303787.0,0.5549077310959486,0.20809150352837746,0.2370007653756739,0.27885859557749526,0.2748214130603427,0.44631999136216216,0.32448558395913213,0.27685887161060596,0.39865554443026185,A,H
2025-26,5,45,2025-09-20T19:00:00Z,10,Fulham,5,Brentford,3.0,1.0,H,,,,0.45,0.27,0.28,0.8670170740429637,0.49269274140709957,0.05343671274411117,0.35223073801785154,44007.0,2228149.0,2404877.0,104251.0,-15989.0,0.32229644310642963,0.21703497889056783,0.4606685780030024,0.27885859557749526,0.2748214130603427,0.44631999136216216,0.32553136616290496,0.22202664394510516,0.4524419898919899,H,H
2025-26,5,42,2025-09-21T13:00:00Z,4,Bournemouth,15,Newcastle,0.0,0.0,D,,,,0.45,0.27,0.28,0.9918470217618208,0.6295979048832537,0.15785331124370575,0.40668651509519155,1510063.0,9163900.0,6195092.0,1464356.0,12036.0,0.24422530096464407,0.13599904321559267,0.6197756558197633,0.27885859557749526,0.2748214130603427,0.44631999136216216,0.3062413792284869,0.21968376442853704,0.47407485634297614,H,H
2025-26,5,48,2025-09-21T13:00:00Z,17,Sunderland,2,Aston Villa,1.0,1.0,D,,,,0.45,0.27,0.28,0.20321311052325958,0.25411425832700596,0.0675424229604555,0.36505798253224847,250453.0,3218144.0,7167373.0,78740.0,-308734.0,0.4841944649914137,0.19403912153490008,0.32176641347368623,0.27885859557749526,0.2748214130603427,0.44631999136216216,0.31900781317124893,0.21645195941450046,0.4645402274142506,A,H
2025-26,5,41,2025-09-21T15:30:00Z,1,Arsenal,13,Man City,1.0,1.0,D,,,,0.45,0.27,0.28,0.3157799101516288,0.5088238391199026,0.036527822473959276,0.7558082658350269,341788.0,17735177.0,12957453.0,163358.0,-353957.0,0.2888580697122923,0.26391711908742327,0.44722481120028457,0.27885859557749526,0.2748214130603427,0.44631999136216216,0.2500926299682899,0.2819930195822408,0.4679143504494692,H,H
2025-26,6,52,2025-09-27T11:30:00Z,5,Brentford,14,Man Utd,3.0,1.0,H,,,,0.45,0.27,0.28,-0.41945482517403265,0.15786680632349787,-0.09113048974927018,0.46999559218102205,-519710.0,2265517.0,7947360.0,-148047.0,204903.0,0.6076753701463281,0.24886668737805406,0.14345794247561777,0.27885859557749526,0.2748214130603427,0.44631999136216216,0.3131845120606331,0.2672253004850467,0.41959018745432025,A,H
2025-26,6,53,2025-09-27T14:00:00Z,7,Chelsea,6,Brighton,1.0,3.0,A,,,,0.45,0.27,0.28,-0.8670686688546889,0.9128469276595584,0.01407870824159084,0.8493279671746982,-1080519.0,22313511.0,2811130.0,-1448270.0,-222035.0,0.046652046637262946,0.24342216323455018,0.7099257901281869,0.27885859557749526,0.2748214130603427,0.44631999136216216,0.23124765783119577,0.3222967552015761,0.44645558696722815,H,H
2025-26,6,54,2025-09-27T14:00:00Z,8,Crystal Palace,12,Liverpool,2.0,1.0,H,,,,0.45,0.27,0.28,-0.15510552221859875,0.1892283743666703,0.053605126077841715,0.478601961855494,1496368.0,8447400.0,21208665.0,-387153.0,-2108908.0,0.5007532023081845,0.24041219730705357,0.2588346003847619,0.27885859557749526,0.2748214130603427,0.44631999136216216,0.29059285499380694,0.2364272071605748,0.47297993784561826,A,H
2025-26,6,56,2025-09-27T14:00:00Z,11,Leeds,4,Bournemouth,2.0,2.0,D,,,,0.45,0.27,0.28,0.20685709390412552,0.13698778306579387,0.019489114624346715,0.3311511842984959,-1560267.0,2641931.0,11274678.0,507075.0,1944254.0,0.6301909245142482,0.19826699733350397,0.17154207815224792,0.27885859557749526,0.2748214130603427,0.44631999136216216,0.3387644858622525,0.22762644206391697,0.4336090720738306,A,H
2025-26,6,57,2025-09-27T14:00:00Z,13,Man City,3,Burnley,5.0,1.0,H,,,,0.45,0.27,0.28,0.9874320528577277,0.8091419155607921,0.17630087819173282,0.36791673931166513,3303743.0,16248938.0,8307166.0,2795117.0,-35575.0,0.11603895834581146,0.1244199829680555,0.7595410586861331,0.27885859557749526,0.2748214130603427,0.44631999136216216,0.26969062470855265,0.16309470569278,0.5672146695986674,H,H
2025-26,6,59,2025-09-27T16:30:00Z,16,Nott'm Forest,17,Sunderland,0.0,1.0,A,,,,0.45,0.27,0.28,-0.8862587322925813,0.7605803857579768,-0.215377037129112,0.6579345916129882,-1588501.0,8324368.0,3446359.0,-1368621.0,175646.0,0.20159303937379008,0.28039177762646983,0.5180151829997401,0.27885859557749526,0.2748214130603427,0.44631999136216216,0.25165919595241504,0.35448936185499724,0.3938514421925876,H,H
2025-26,6,60,2025-09-27T19:00:00Z,18,Spurs,20,Wolves,1.0,1.0,D,,,,0.45,0.27,0.28,0.855868652596469,0.9329221094721775,0.09445222568128109,0.9308254104498651,899110.0,18068387.0,1629971.0,595308.0,-100251.0,0.0,0.23163330851817157,0.7683666914818283,0.27885859557749526,0.2748214130603427,0.44631999136216216,0.22058844301816002,0.2979187415691955,0.4814928154126443,H,H
2025-26,6,51,2025-09-28T13:00:00Z,2,Aston Villa,10,Fulham,3.0,1.0,H,,,,0.45,0.27,0.28,-0.9062087186261559,0.7454189686509228,-0.21284427974576747,0.7813144172581573,-1145013.0,6137026.0,2342815.0,-1027628.0,106357.0,0.18108112374195812,0.34225205128160885,0.47666682497643303,0.27885859557749526,0.2748214130603427,0.44631999136216216,0.23375875329664003,0.3820971594053713,0.38414408729798877,H,H
2025-26,6,58,2025-09-28T15:30:00Z,15,Newcastle,1,Arsenal,1.0,2.0,A,,,,0.45,0.27,0.28,-0.28750141789956407,0.20937955093338903,-0.0854061258801865,0.24603440719254852,-1195752.0,5945263.0,18681100.0,-283872.0,703503.0,0.5938123452468085,0.2155649587364953,0.19062269601669612,0.27885859557749526,0.2748214130603427,0.44631999136216216,0.32096359015495945,0.270314117971888,0.4087222918731525,A,H
2025-26,6,55,2025-09-29T19:00:00Z,9,Everton,19,West Ham,1.0,1.0,D,,,,0.45,0.27,0.28,0.5420273871432257,0.7277035704632236,0.23237405257639215,0.5949902285418154,1411644.0,8480336.0,3588478.0,657586.0,-555610.0,0.14062353172170883,0.16620294984288503,0.6931735184354062,0.27885859557749526,0.2748214130603427,0.44631999136216216,0.2492264155610208,0.22735262239328882,0.5234209620456903,H,H
2025-26,7,63,2025-10-03T19:00:00Z,4,Bournemouth,10,Fulham,3.0,1.0,H,,,,0.45,0.27,0.28,0.9237674445442781,0.8785770477743227,0.14332193357970405,0.8179753223451236,1386392.0,12567240.0,2248985.0,1232715.0,-101727.0,0.05235254067284482,0.20884478701818338,0.7388026723089718,0.27885859557749526,0.2748214130603427,0.44631999136216216,0.22131349253688967,0.28808248325878066,0.49060402420432964,H,H
2025-26,7,67,2025-10-04T11:30:00Z,11,Leeds,18,Spurs,1.0,2.0,A,,,,0.45,0.27,0.28,0.24574885625433604,0.1078364005323127,0.08085087286351668,0.1610478503890342,617849.0,2795616.0,17604223.0,151962.0,-466400.0,0.6561784663565666,0.14977471344234292,0.19404682020109032,0.27885859557749526,0.2748214130603427,0.44631999136216216,0.3358133003485101,0.19228850658775917,0.4718981930637308,A,H
2025-26,7,61,2025-10-04T14:00:00Z,1,Arsenal,19,West Ham,2.0,0.0,H,,,,0.45,0.27,0.28,0.8855423848426491,0.8852652952781965,0.1529836406036334,0.8750101714473228,2363386.0,20845862.0,3389854.0,1776816.0,-229655.0,0.023040926868273526,0.23351397887800757,0.743445094253719,0.27885859557749526,0.2748214130603427,0.44631999136216216,0.20816845763301148,0.27826800612811675,0.5135635362388717,H,H
2025-26,7,68,2025-10-04T14:00:00Z,14,Man Utd,17,Sunderland,2.0,0.0,H,,,,0.45,0.27,0.28,-0.3577911190542455,0.7461749326663006,-0.20648444444650654,0.3831623918740539,-1050764.0,7637149.0,4186912.0,-368961.0,662257.0,0.22957326751488552,0.2423195399565216,0.5281071925285928,0.27885859557749526,0.2748214130603427,0.44631999136216216,0.2928715236660825,0.3014782566196585,0.405650219714259,H,H
2025-26,7,65,2025-10-04T16:30:00Z,7,Chelsea,12,Liverpool,2.0,1.0,H,,,,0.45,0.27,0.28,-0.512241137821605,0.43972147755954766,-0.00042387682998419607,0.4814241776177457,-214827.0,20329607.0,19439588.0,-2052059.0,-1953981.0,0.33131132908386657,0.24834850745708276,0.4203401634590507,0.27885859557749526,0.2748214130603427,0.44631999136216216,0.28719462557597086,0.260514844966479,0.4522905294575502,H,H
2025-26,7,62,2025-10-05T13:00:00Z,2,Aston Villa,3,Burnley,2.0,1.0,H,,,,0.45,0.27,0.28,-0.3889673552296014,0.48413036253840597,-0.05401230657797215,0.34531634905999525,-346044.0,6094630.0,8610814.0,-155874.0,244863.0,0.3210458298456556,0.24146994321374854,0.4374842269405959,0.27885859557749526,0.2748214130603427,0.44631999136216216,0.2900463824308603,0.26361533815517113,0.4463382794139686,H,H
2025-26,7,66,2025-10-05T13:00:00Z,9,Everton,8,Crystal Palace,2.0,1.0,H,,,,0.45,0.27,0.28,-0.2675018551778282,0.4778059543564229,-0.16114991738657586,0.2714485826739755,-1796319.0,8012087.0,9775470.0,-397970.0,1089757.0,0.34423048297195386,0.24362735195801774,0.4121421650700284,0.27885859557749526,0.2748214130603427,0.44631999136216216,0.31835847614327617,0.28990688490176475,0.3917346389549591,H,H
2025-26,7,69,2025-10-05T13:00:00Z,15,Newcastle,16,Nott'm Forest,2.0,0.0,H,,,,0.45,0.27,0.28,0.27909575897934286,0.4846261864205553,0.2821060235324875,0.505796170083929,2106816.0,6663053.0,6935342.0,539894.0,-1394545.0,0.29136286101263875,0.14576036443828183,0.5628767745490794,0.27885859557749526,0.2748214130603427,0.44631999136216216,0.2994467886809901,0.16035133539049756,0.5402018759285123,H,H
2025-26,7,70,2025-10-05T13:00:00Z,20,Wolves,6,Brighton,1.0,1.0,D,,,,0.45,0.27,0.28,-0.16379217225362763,0.31527280099451926,-0.08315044096980358,0.368910789678096,-271959.0,1613180.0,3066298.0,-36392.0,185791.0,0.44082999142342205,0.2509718086195944,0.3081981999569836,0.27885859557749526,0.2748214130603427,0.44631999136216216,0.31485411288636034,0.26610777455205537,0.41903811256158424,A,H
2025-26,7,64,2025-10-05T15:30:00Z,5,Brentford,13,Man City,0.0,1.0,A,,,,0.45,0.27,0.28,0.029613951468449546,0.0643350835558724,-0.055180423559162715,0.2916405858530344,-1223261.0,2336876.0,17543558.0,38323.0,1255762.0,0.7852935062741719,0.21470649372582812,0.0,0.27885859557749526,0.2748214130603427,0.44631999136216216,0.3251636740694177,0.261872351793155,0.4129639741374273,A,H
2025-26,8,77,2025-10-18T11:30:00Z,16,Nott'm Forest,7,Chelsea,0.0,3.0,A,,,,0.45,0.27,0.28,-0.9994346124770084,0.1951478058933733,-0.18545009599714044,0.34633188316082714,-1367924.0,5908845.0,20671034.0,-1095973.0,-619.0,0.6010907831356713,0.25154640685396035,0.14736281001036827,0.27885859557749526,0.2748214130603427,0.44631999136216216,0.31658166166332685,0.2818610707049543,0.40155726763171895,A,H
2025-26,8,71,2025-10-18T14:00:00Z,6,Brighton,15,Newcastle,2.0,1.0,H,,,,0.45,0.27,0.28,-0.11653086495245667,0.2461752510051969,-0.19797942344435623,0.22746841351068756,-1429170.0,2911516.0,7937441.0,-152455.0,1155824.0,0.5745780806355373,0.23696075680044917,0.18846116256401363,0.27885859557749526,0.2748214130603427,0.44631999136216216,0.33215901616800964,0.28532365627079614,0.3825173275611943,A,H
2025-26,8,72,2025-10-18T14:00:00Z,3,Burnley,11,Leeds,2.0,0.0,H,,,,0.45,0.27,0.28,-0.09089308186905933,0.7323025781599893,-0.07203189443073978,0.7703693275338198,-218284.0,8638781.0,3041867.0,-21162.0,211660.0,0.15779487588769886,0.2719659030850101,0.570239221027291,0.27885859557749526,0.2748214130603427,0.44631999136216216,0.23823474421770316,0.3092709395585217,0.45249431622377506,H,H
2025-26,8,73,2025-10-18T14:00:00Z,8,Crystal Palace,4,Bournemouth,3.0,3.0,D,,,,0.45,0.27,0.28,0.3889367014667755,0.3861183769902325,-0.012797671009997943,0.6219309080178568,-378732.0,10505780.0,13676282.0,649865.0,1021010.0,0.34594540916241834,0.2623015768570448,0.39175301398053675,0.27885859557749526,0.2748214130603427,0.44631999136216216,0.2968130682233424,0.27042551857836844,0.4327614131982892,H,H
2025-26,8,76,2025-10-18T14:00:00Z,13,Man City,9,Everton,2.0,0.0,H,,,,0.45,0.27,0.28,0.4586793518793609,0.8044524011310222,0.14629449126201183,0.6098864608277573,1618732.0,18411678.0,7261475.0,674671.0,-796227.0,0.11998609747431266,0.18861321752501917,0.6914006850006682,0.27885859557749526,0.2748214130603427,0.44631999136216216,0.21982976994420395,0.27333714985726026,0.5068330801985358,H,H
2025-26,8,78,2025-10-18T14:00:00Z,17,Sunderland,20,Wolves,2.0,0.0,H,,,,0.45,0.27,0.28,0.8811597018339281,0.7369475201244927,0.08606779563202499,0.8054707983709947,351102.0,4517417.0,1592583.0,281223.0,-37927.0,0.13393232361540122,0.2383817439475382,0.6276859324370607,0.27885859557749526,0.2748214130603427,0.44631999136216216,0.24168234548462983,0.28494607478804174,0.4733715797273284,H,H
2025-26,8,74,2025-10-18T16:30:00Z,10,Fulham,1,Arsenal,0.0,1.0,A,,,,0.45,0.27,0.28,-0.10054971500949968,0.06384492734238782,-0.1384951139696875,0.06517310995702268,-1758263.0,2109212.0,22464352.0,-158768.0,1420231.0,0.7812143811368109,0.2170853964076224,0.00170022245556675,0.27885859557749526,0.2748214130603427,0.44631999136216216,0.3576056522411474,0.23227406759540098,0.4101202801634517,A,H
2025-26,8,79,2025-10-19T13:00:00Z,18,Spurs,2,Aston Villa,1.0,2.0,A,,,,0.45,0.27,0.28,-0.500463625050096,0.7649770786553843,0.07317804532394878,0.7464802670364902,167595.0,17173638.0,5496450.0,-593162.0,-592062.0,0.1284404025354266,0.23876456271640087,0.6327950347481726,0.27885859557749526,0.2748214130603427,0.44631999136216216,0.241215432969539,0.28610987165401436,0.4726746953764465,H,H
2025-26,8,75,2025-10-19T15:30:00Z,12,Liverpool,14,Man Utd,1.0,2.0,A,,,,0.45,0.27,0.28,-0.71504869212789,0.7599414506182609,0.001918314347701705,0.7876535848495266,-796989.0,18051813.0,7046363.0,-1655598.0,-659765.0,0.15323537330951753,0.2518774945798583,0.5948871321106243,0.27885859557749526,0.2748214130603427,0.44631999136216216,0.24553102539372743,0.29944269191499184,0.45502628269128076,H,H
2025-26,8,80,2025-10-20T19:00:00Z,19,West Ham,5,Brentford,0.0,2.0,A,,,,0.45,0.27,0.28,0.6779130201146932,0.626502151468081,0.01943967320880864,0.5253260533536959,146431.0,3695297.0,2495888.0,242219.0,115081.0,0.23912384923996738,0.23458716145865263,0.5262889893013799,0.27885859557749526,0.2748214130603427,0.44631999136216216,0.283754618001172,0.2693674538381862,0.44687792816064176,H,H
2025-26,9,87,2025-10-24T19:00:00Z,11,Leeds,19,West Ham,2.0,1.0,H,,,,0.45,0.27,0.28,-0.43946323333603493,0.3950435567317019,0.0013570685913606648,0.5332059907951839,26155.0,2970406.0,3597681.0,-75912.0,-96825.0,0.3445265336273705,0.251598036640356,0.4038754297322734,0.27885859557749526,0.2748214130603427,0.44631999136216216,0.2711077753555978,0.26680505179406017,0.46208717285034207,H,H
2025-26,9,85,2025-10-25T14:00:00Z,7,Chelsea,17,Sunderland,1.0,2.0,A,,,,0.45,0.27,0.28,0.8809602065268706,0.8714367336654204,0.010235467599412212,0.6836340834206471,645708.0,21399795.0,4600470.0,589676.0,79679.0,0.08815912353414022,0.21995319847711386,0.691887677988746,0.27885859557749526,0.2748214130603427,0.44631999136216216,0.23930368683115638,0.2919647859423912,0.4687315272264523,H,H
2025-26,9,89,2025-10-25T14:00:00Z,15,Newcastle,10,Fulham,2.0,1.0,H,,,,0.45,0.27,0.28,0.8686358104687392,0.8474135723259206,0.1862477936853078,0.837021974928693,1179782.0,8978403.0,1970392.0,989999.0,-149717.0,0.07159792837602552,0.21221572100093639,0.716186350623038,0.27885859557749526,0.2748214130603427,0.44631999136216216,0.22146807941954857,0.28751566468903145,0.49101625589142,H,H
2025-26,9,88,2025-10-25T16:30:00Z,14,Man Utd,6,Brighton,4.0,2.0,H,,,,0.45,0.27,0.28,0.8520271482054386,0.7727576210372785,0.023118351727125244,0.5883812026680839,331121.0,7453705.0,2987737.0,304051.0,52804.0,0.13477433306196943,0.22590494781398512,0.6393207191240455,0.27885859557749526,0.2748214130603427,0.44631999136216216,0.24838457075857315,0.28334224980042194,0.46827317944100494,H,H
2025-26,9,84,2025-10-25T19:00:00Z,5,Brentford,12,Liverpool,3.0,2.0,H,,,,0.45,0.27,0.28,0.05044545474576396,0.0821879676482068,0.10331662550026217,0.20810742635441282,1262907.0,2575079.0,16868097.0,68683.0,-1292846.0,0.7131580009708947,0.13592190859589115,0.15092009043321414,0.27885859557749526,0.2748214130603427,0.44631999136216216,0.34985838134275266,0.15935521322194895,0.49078640543529845,A,H
2025-26,9,81,2025-10-26T14:00:00Z,1,Arsenal,8,Crystal Palace,1.0,0.0,H,,,,0.45,0.27,0.28,0.7581204135346731,0.7288355284119457,0.014042738528361791,0.6517941341847789,831527.0,23657279.0,10867180.0,1087642.0,347013.0,0.14975854991562887,0.2275619487079313,0.6226795013764399,0.27885859557749526,0.2748214130603427,0.44631999136216216,0.241215432969539,0.28610987165401436,0.4726746953764465,H,H
2025-26,9,82,2025-10-26T14:00:00Z,2,Aston Villa,13,Man City,1.0,0.0,H,,,,0.45,0.27,0.28,-0.6192729150331797,0.1356888587235831,-0.05130710232824576,0.4255299033448769,-150033.0,5205902.0,18271163.0,-323824.0,-199085.0,0.6332836572510804,0.22574521083188034,0.14097113191703933,0.27885859557749526,0.2748214130603427,0.44631999136216216,0.30292233675172303,0.2575504401023661,0.4395272231459109,A,H
2025-26,9,83,2025-10-26T14:00:00Z,4,Bournemouth,16,Nott'm Forest,2.0,0.0,H,,,,0.45,0.27,0.28,0.5056835325574378,0.7600350388526153,0.13342197105585252,0.606667826669583,1103245.0,14290266.0,5419584.0,532951.0,-520970.0,0.13315130639258738,0.2102908063323791,0.6565578872750335,0.27885859557749526,0.2748214130603427,0.44631999136216216,0.24524300614644207,0.277619328061488,0.47713766579206995,H,H
2025-26,9,90,2025-10-26T14:00:00Z,20,Wolves,3,Burnley,2.0,3.0,A,,,,0.45,0.27,0.28,-0.5726247043308982,0.15899807103770056,-0.04013280788445047,0.09830390756016365,-125963.0,1543453.0,8715614.0,-54712.0,40833.0,0.6392868641583617,0.19122757757473435,0.16948555826690395,0.27885859557749526,0.2748214130603427,0.44631999136216216,0.32699343087164734,0.21094457708162725,0.4620619920467254,A,H
2025-26,9,86,2025-10-26T16:30:00Z,9,Everton,18,Spurs,0.0,3.0,A,,,,0.45,0.27,0.28,0.013538752487244798,0.3258754043118396,0.08142832782096754,0.22518942563533215,1324481.0,7349366.0,15937048.0,17296.0,-1260221.0,0.42657082196097973,0.1514965400578196,0.4219326379812006,0.27885859557749526,0.2748214130603427,0.44631999136216216,0.3333884389618803,0.18273187135370966,0.4838796896844101,A,H
2025-26,10,91,2025-11-01T15:00:00Z,6,Brighton,11,Leeds,3.0,0.0,H,,,,0.45,0.27,0.28,0.8777808640734474,0.5995892178516933,0.15795235343026776,0.39016353798252773,630581.0,3558716.0,2910804.0,480341.0,-66880.0,0.2699724500584773,0.19406046115736794,0.5359670887841548,0.27885859557749526,0.2748214130603427,0.44631999136216216,0.31195453647264965,0.21811902943526676,0.46992643409208357,H,H
2025-26,10,92,2025-11-01T15:00:00Z,3,Burnley,1,Arsenal,0.0,2.0,A,,,,0.45,0.27,0.28,-0.13627274431856076,0.1719246853413484,-0.07986042514488939,0.295659311844859,-1855993.0,8477104.0,25274762.0,-216578.0,1372719.0,0.6175990232922443,0.20663091849003012,0.17577005821772557,0.27885859557749526,0.2748214130603427,0.44631999136216216,0.33695314611573357,0.2753547050810733,0.38769214880319314,A,H
2025-26,10,93,2025-11-01T15:00:00Z,8,Crystal Palace,5,Brentford,2.0,0.0,H,,,,0.45,0.27,0.28,0.7946946135712422,0.8245527744933655,-0.010864554862834441,0.8375189959142211,1440259.0,12789637.0,3057277.0,1720939.0,444595.0,0.10451388294172052,0.26948932471647796,0.6259967923418015,0.27885859557749526,0.2748214130603427,0.44631999136216216,0.2217969525315957,0.2974267396724213,0.4807763077959829,H,H
2025-26,10,94,2025-11-01T15:00:00Z,10,Fulham,20,Wolves,3.0,0.0,H,,,,0.45,0.27,0.28,0.11169576201964174,0.5956557395500798,0.03397803111028736,0.5404267070852387,93857.0,2025597.0,1504801.0,5880.0,-46762.0,0.27247935445401633,0.22969255948262512,0.49782808606335854,0.27885859557749526,0.2748214130603427,0.44631999136216216,0.2785426647100633,0.2636316887819163,0.45782564650802043,H,H
2025-26,10,97,2025-11-01T15:00:00Z,16,Nott'm Forest,14,Man Utd,2.0,2.0,D,,,,0.45,0.27,0.28,-0.2518753975145719,0.2838517464257014,-0.27461315449956103,0.6219868653701509,-2239506.0,4901656.0,9175283.0,-520365.0,1545596.0,0.47403177261850155,0.3249299236414155,0.2010383037400829,0.27885859557749526,0.2748214130603427,0.44631999136216216,0.29036436015886025,0.3513506388219722,0.35828500101916766,A,H
2025-26,10,99,2025-11-01T17:30:00Z,18,Spurs,7,Chelsea,0.0,1.0,A,,,,0.45,0.27,0.28,-0.3218385874087085,0.40209898625798085,0.0364313566881861,0.5650773523536347,1063111.0,15079663.0,19479299.0,-870332.0,-1833917.0,0.34644830725377884,0.24814329392876414,0.405408398817457,0.27885859557749526,0.2748214130603427,0.44631999136216216,0.28611199133199444,0.25692597844155174,0.45696203022645376,H,H
2025-26,10,95,2025-11-01T20:00:00Z,12,Liverpool,2,Aston Villa,2.0,0.0,H,,,,0.45,0.27,0.28,-0.914516687615491,0.8237502081893259,-0.0701939622359727,0.6474545722722396,-1329676.0,15429443.0,5096924.0,-1510456.0,-141187.0,0.14443449625417443,0.25451414440027814,0.6010513593455474,0.27885859557749526,0.2748214130603427,0.44631999136216216,0.25790393050827526,0.3019583553139582,0.4401377141777664,H,H
2025-26,10,100,2025-11-02T14:00:00Z,19,West Ham,15,Newcastle,3.0,1.0,H,,,,0.45,0.27,0.28,-0.36153874470005165,0.23419888469992944,-0.15851551359726196,0.2662320182770627,-1021781.0,3263817.0,9666320.0,-324109.0,572361.0,0.5628981497806685,0.2303983040891649,0.20670354613016673,0.27885859557749526,0.2748214130603427,0.44631999136216216,0.31631784668970414,0.28159938900605097,0.402082764304245,A,H
2025-26,10,96,2025-11-02T16:30:00Z,13,Man City,4,Bournemouth,3.0,1.0,H,,,,0.45,0.27,0.28,-0.9675586089429865,0.6597766452038852,-0.037735437412458134,0.46451852379218345,-180127.0,17638350.0,13837580.0,-695306.0,-23312.0,0.2359138176871884,0.2418298703071085,0.5222563120057032,0.27885859557749526,0.2748214130603427,0.44631999136216216,0.2567851370755627,0.29173099070129976,0.45148387222313735,H,H
2025-26,10,98,2025-11-03T20:00:00Z,17,Sunderland,9,Everton,1.0,1.0,D,,,,0.45,0.27,0.28,0.584674093717882,0.35209406685213085,0.10943766452940293,0.5845258508737987,721842.0,5078559.0,7105613.0,368630.0,-261857.0,0.3561748949330809,0.22701808344121993,0.4168070216256992,0.27885859557749526,0.2748214130603427,0.44631999136216216,0.294402524510415,0.25352333949146805,0.452074135998117,H,H
2025-26,11,109,2025-11-08T12:30:00Z,18,Spurs,14,Man Utd,2.0,2.0,D,,,,0.45,0.27,0.28,-0.8383981557484413,0.5253518004129973,-0.11059680318472885,0.833134648921612,-1299966.0,13971341.0,9366927.0,-1200146.0,231328.0,0.28762545920469235,0.2986290035510542,0.41374553724425345,0.27885859557749526,0.2748214130603427,0.44631999136216216,0.24172526161556132,0.3589332900711296,0.39934144831330903,H,H
2025-26,11,105,2025-11-08T15:00:00Z,9,Everton,10,Fulham,2.0,0.0,H,,,,0.45,0.27,0.28,-0.9268444015482041,0.8074228876442504,-0.01698407647216763,0.7532626756067857,-18236.0,7076795.0,2015015.0,-94109.0,7427.0,0.12826988591292787,0.23983221128500967,0.6318979028020626,0.27885859557749526,0.2748214130603427,0.44631999136216216,0.21760677206701837,0.31092021071500164,0.47147301721797985,H,H
2025-26,11,110,2025-11-08T15:00:00Z,19,West Ham,3,Burnley,3.0,2.0,H,,,,0.45,0.27,0.28,0.3294519226647233,0.34634362897448734,0.032974804326363516,0.1933942196134942,210065.0,3399863.0,8403085.0,61481.0,-125134.0,0.41183462436681467,0.19992470641885987,0.38824066921432554,0.27885859557749526,0.2748214130603427,0.44631999136216216,0.3193433579676377,0.21566516471951988,0.4649914773128424,A,H
2025-26,11,108,2025-11-08T17:30:00Z,17,Sunderland,1,Arsenal,2.0,2.0,D,,,,0.45,0.27,0.28,-0.05958179685766512,0.1147741247393498,-0.022891437009643738,0.17132661471517605,-602507.0,4998454.0,25797164.0,-28195.0,445019.0,0.6676307333469083,0.19100482003019167,0.14136444662290001,0.27885859557749526,0.2748214130603427,0.44631999136216216,0.3365210840605683,0.2179492677919765,0.4455296481474553,A,H
2025-26,11,103,2025-11-08T20:00:00Z,7,Chelsea,20,Wolves,3.0,0.0,H,,,,0.45,0.27,0.28,0.9454118353320792,0.9547667041094099,0.11256755437149274,0.9116572266543129,1721311.0,21129627.0,1433818.0,1285069.0,-74199.0,0.0,0.2305804235061756,0.7694195764938243,0.27885859557749526,0.2748214130603427,0.44631999136216216,0.20628501332913954,0.2844179050995175,0.5092970815713429,H,H
2025-26,11,101,2025-11-09T14:00:00Z,2,Aston Villa,4,Bournemouth,4.0,0.0,H,,,,0.45,0.27,0.28,-0.41263503992484735,0.22493507135802435,-0.022074597903962576,0.38946925156042816,-269839.0,5052547.0,14063042.0,-73794.0,105041.0,0.5310205431396829,0.2199022698317416,0.24907718702857545,0.27885859557749526,0.2748214130603427,0.44631999136216216,0.30725829879647215,0.2571148479581464,0.43562685324538153,A,H
2025-26,11,102,2025-11-09T14:00:00Z,5,Brentford,15,Newcastle,3.0,1.0,H,,,,0.45,0.27,0.28,0.055333184977834515,0.2293536684231447,0.08462048849941477,0.27537299047494196,795430.0,3096724.0,8910337.0,37795.0,-645248.0,0.5102089385290418,0.15833253327963473,0.3314585281913236,0.27885859557749526,0.2748214130603427,0.44631999136216216,0.3224461132667976,0.20794969674867203,0.46960418998453035,A,H
2025-26,11,104,2025-11-09T14:00:00Z,8,Crystal Palace,6,Brighton,0.0,0.0,D,,,,0.45,0.27,0.28,0.8759052769076179,0.8081519861781477,0.04111868972156551,0.8765012837542924,1163491.0,14083176.0,3688764.0,1261329.0,178699.0,0.11109418101556971,0.2431515975068667,0.6457542214775637,0.27885859557749526,0.2748214130603427,0.44631999136216216,0.2217969525315957,0.2974267396724213,0.4807763077959829,H,H
2025-26,11,107,2025-11-09T14:00:00Z,16,Nott'm Forest,11,Leeds,3.0,1.0,H,,,,0.45,0.27,0.28,-0.4468396784987142,0.6889211805168759,0.033783891626695824,0.5989050342665279,94442.0,4830267.0,2744973.0,-138485.0,-171435.0,0.2190919798527861,0.22432639884624184,0.556581621300972,0.27885859557749526,0.2748214130603427,0.44631999136216216,0.24828315928989636,0.283613985550467,0.4681028551596366,H,H
2025-26,11,106,2025-11-09T16:30:00Z,13,Man City,12,Liverpool,3.0,0.0,H,,,,0.45,0.27,0.28,-0.4759949700878352,0.5902542512399279,0.007901790464356094,0.42306591740950256,76068.0,17228378.0,14943403.0,-505718.0,-556725.0,0.285333005817031,0.2178691668663813,0.4967978273165877,0.27885859557749526,0.2748214130603427,0.44631999136216216,0.2798942355491933,0.2639662894415714,0.45613947500923524,H,H
2025-26,12,114,2025-11-22T12:30:00Z,3,Burnley,7,Chelsea,0.0,2.0,A,,,,0.45,0.27,0.28,-0.2542089723974863,0.1973970399671346,-0.0412809486306639,0.4699658348687711,-724419.0,8237560.0,21688521.0,-160837.0,471858.0,0.5554545777303815,0.22062061605176533,0.2239248062178532,0.27885859557749526,0.2748214130603427,0.44631999136216216,0.3163963644364956,0.2659386828723752,0.41766495269112924,A,H
2025-26,12,112,2025-11-22T15:00:00Z,4,Bournemouth,19,West Ham,2.0,2.0,D,,,,0.45,0.27,0.28,-0.5369312541736604,0.8441523200654019,0.07509132677094768,0.7659368063080375,256.0,13707748.0,3044313.0,-356997.0,-307886.0,0.11395252553488713,0.23468663993073444,0.6513608345343783,0.27885859557749526,0.2748214130603427,0.44631999136216216,0.23715889920312003,0.296220933430014,0.46662016736686596,H,H
2025-26,12,113,2025-11-22T15:00:00Z,6,Brighton,5,Brentford,2.0,1.0,H,,,,0.45,0.27,0.28,0.23213860327183453,0.5075962089059217,-0.11698560124038386,0.43854739451266417,-480254.0,3926094.0,3814308.0,190999.0,631780.0,0.31391113106206175,0.2483878476803044,0.4377010212576339,0.27885859557749526,0.2748214130603427,0.44631999136216216,0.2915015667980875,0.2911607059007556,0.4173377273011568,H,H
2025-26,12,115,2025-11-22T15:00:00Z,10,Fulham,17,Sunderland,1.0,0.0,H,,,,0.45,0.27,0.28,0.024668903054585595,0.2901228511437951,-0.05841701120248702,0.18657465117501662,-395753.0,2070210.0,5449402.0,8626.0,341044.0,0.5022664386847733,0.20579027943562603,0.2919432818796008,0.27885859557749526,0.2748214130603427,0.44631999136216216,0.3331646117764865,0.226205998663991,0.4406293895595225,A,H
2025-26,12,117,2025-11-22T15:00:00Z,12,Liverpool,16,Nott'm Forest,0.0,3.0,A,,,,0.45,0.27,0.28,0.7452458737153813,0.8391572210031574,0.09405354171782387,0.6929489231274503,1242222.0,15915064.0,4559706.0,682523.0,-233312.0,0.10702389749323897,0.2219075271005344,0.6710685754062267,0.27885859557749526,0.2748214130603427,0.44631999136216216,0.22552433448917678,0.28552969010286794,0.4889459754079553,H,H
2025-26,12,120,2025-11-22T15:00:00Z,20,Wolves,8,Crystal Palace,0.0,2.0,A,,,,0.45,0.27,0.28,-0.038557356152699805,0.06341107730090553,-0.09644672325950462,0.06850651530167001,-1207213.0,1406862.0,15263433.0,-41138.0,1025791.0,0.7853684443908855,0.2146315556091145,0.0,0.27885859557749526,0.2748214130603427,0.44631999136216216,0.3573891818305474,0.23067946733546627,0.41193135083398635,A,H
2025-26,12,119,2025-11-22T17:30:00Z,15,Newcastle,13,Man City,2.0,1.0,H,,,,0.45,0.27,0.28,-0.6725522801905467,0.2011906309425752,-0.16489738272215493,0.44966028965228017,-1838698.0,7770334.0,17927073.0,-1058031.0,515126.0,0.5721530520560714,0.25068588654961843,0.1771610613943103,0.27885859557749526,0.2748214130603427,0.44631999136216216,0.30969187853795493,0.29459286136419466,0.3957152600978504,A,H
2025-26,12,116,2025-11-23T14:00:00Z,11,Leeds,2,Aston Villa,1.0,2.0,A,,,,0.45,0.27,0.28,-0.31544013080821687,0.28412873989740883,-0.07874171579927762,0.37153598022154216,-396539.0,2653509.0,5357622.0,-100703.0,218542.0,0.4640785912723023,0.24829976202065165,0.28762164670704615,0.27885859557749526,0.2748214130603427,0.44631999136216216,0.3158527683144759,0.2670983545993506,0.4170488770861736,A,H
2025-26,12,111,2025-11-23T16:30:00Z,1,Arsenal,18,Spurs,4.0,1.0,H,,,,0.45,0.27,0.28,-0.5290129413698215,0.705334032002365,0.03582835594305893,0.6442024697332639,-178345.0,24477116.0,12829638.0,-1255353.0,-1117656.0,0.19498581056881384,0.23482116448518195,0.5701930249460041,0.27885859557749526,0.2748214130603427,0.44631999136216216,0.2479260486367063,0.2844241470323311,0.46764980433096265,H,H
2025-26,12,118,2025-11-24T20:00:00Z,14,Man Utd,9,Everton,0.0,1.0,A,,,,0.45,0.27,0.28,0.7281045959299093,0.6676072017290647,0.1315921917804548,0.435027453156246,1489074.0,10481934.0,6702728.0,870808.0,-325184.0,0.19299178475640102,0.17716057236046132,0.6298476428831375,0.27885859557749526,0.2748214130603427,0.44631999136216216,0.28509026728661935,0.2260228673816313,0.4888868653317493,H,H
2025-26,13,122,2025-11-29T15:00:00Z,5,Brentford,3,Burnley,3.0,1.0,H,,,,0.45,0.27,0.28,0.8605038568250516,0.5001642186029174,0.20468365815484063,0.22649347041997092,2137888.0,5786038.0,8071402.0,1061009.0,-171999.0,0.3360636183471888,0.10799641873073922,0.555939962922072,0.27885859557749526,0.2748214130603427,0.44631999136216216,0.3256621483294461,0.15386046527052227,0.5204773864000316,H,H
2025-26,13,126,2025-11-29T15:00:00Z,13,Man City,11,Leeds,3.0,2.0,H,,,,0.45,0.27,0.28,0.8527771096812298,0.9508368108376455,0.11380208691704483,0.7579092719746304,1998586.0,19637050.0,2364900.0,918319.0,-158537.0,0.0,0.22121610543362075,0.7787838945663792,0.27885859557749526,0.2748214130603427,0.44631999136216216,0.2134607883525414,0.2773322041952989,0.5092070074521596,H,H
2025-26,13,128,2025-11-29T15:00:00Z,17,Sunderland,4,Bournemouth,3.0,2.0,H,,,,0.45,0.27,0.28,-0.03898328544415178,0.2378355012615178,0.0683251449119238,0.4443166066682974,1365565.0,5370713.0,12263494.0,-37459.0,-923439.0,0.44687994680414134,0.20866670987238373,0.34445334332347494,0.27885859557749526,0.2748214130603427,0.44631999136216216,0.2929081956811541,0.23747026605320287,0.46962153826564307,A,H
2025-26,13,125,2025-11-29T17:30:00Z,9,Everton,15,Newcastle,1.0,4.0,A,,,,0.45,0.27,0.28,-0.4292168498425741,0.44590829228153694,-0.023367412385867092,0.4206304265760664,-283921.0,6603319.0,7954846.0,-73342.0,97531.0,0.3330401072708525,0.24426954694216682,0.4226903457869808,0.27885859557749526,0.2748214130603427,0.44631999136216216,0.28993395220705914,0.26387753064619784,0.4461885171467431,H,H
2025-26,13,129,2025-11-29T20:00:00Z,18,Spurs,10,Fulham,1.0,2.0,A,,,,0.45,0.27,0.28,-0.6666864906053116,0.881821381367564,0.03337572261629566,0.9143683651108023,222205.0,12877274.0,1895641.0,-179362.0,-89672.0,0.05637809084723187,0.25016196792500023,0.6934599412277679,0.27885859557749526,0.2748214130603427,0.44631999136216216,0.2163982625535827,0.3114122126117759,0.4721895248346414,H,H
2025-26,13,124,2025-11-30T12:00:00Z,8,Crystal Palace,14,Man Utd,1.0,2.0,A,,,,0.45,0.27,0.28,0.6869986113866297,0.5506033849656596,0.04850109755883167,0.8392335356308878,423419.0,15125474.0,9920556.0,432895.0,-197229.0,0.27710483335066954,0.26568531505489446,0.45720985159443606,0.27885859557749526,0.2748214130603427,0.44631999136216216,0.24168234548462983,0.28494607478804174,0.4733715797273284,H,H
2025-26,13,121,2025-11-30T14:05:00Z,2,Aston Villa,20,Wolves,1.0,0.0,H,,,,0.45,0.27,0.28,0.9608814236264127,0.8675408632814341,0.13381876562142023,0.8569749521117357,1883115.0,7213287.0,1379412.0,795851.0,-32399.0,0.0505799225862454,0.2290849785844883,0.7203350988292663,0.27885859557749526,0.2748214130603427,0.44631999136216216,0.2135781255141478,0.2768166318185436,0.5096052426673086,H,H
2025-26,13,127,2025-11-30T14:05:00Z,16,Nott'm Forest,6,Brighton,0.0,2.0,A,,,,0.45,0.27,0.28,0.31290872678147136,0.5218590554102948,-0.059243157798174496,0.6972206210831048,-102982.0,4885890.0,4355260.0,197804.0,434341.0,0.2987024248561446,0.2689892670825436,0.43230830806131176,0.27885859557749526,0.2748214130603427,0.44631999136216216,0.2548700966456753,0.29362921640416384,0.451500686950161,H,H
2025-26,13,130,2025-11-30T14:05:00Z,19,West Ham,12,Liverpool,0.0,2.0,A,,,,0.45,0.27,0.28,-0.09289219648808064,0.1141826534865068,0.027718535979363683,0.20528211686640999,754883.0,2979029.0,15094897.0,-89059.0,-869675.0,0.6730846730955404,0.1689471714425821,0.15796815546187748,0.27885859557749526,0.2748214130603427,0.44631999136216216,0.3298295844253235,0.20586350390603303,0.46430691166864346,A,H
2025-26,13,123,2025-11-30T16:30:00Z,7,Chelsea,1,Arsenal,1.0,1.0,D,,,,0.45,0.27,0.28,-0.8771221043063736,0.44243287383364577,-0.04290892587253477,0.32712629794051756,-1074326.0,20123916.0,23986837.0,-978499.0,-137079.0,0.3652741966256864,0.21688133573777152,0.41784446763654204,0.27885859557749526,0.2748214130603427,0.44631999136216216,0.2984707346678559,0.2827834971594431,0.41874576817270104,H,H
2025-26,14,132,2025-12-02T19:30:00Z,4,Bournemouth,9,Everton,0.0,1.0,A,,,,0.45,0.27,0.28,-0.8892646521249464,0.6708359020569887,-0.05425829116946043,0.6122920613181391,-266429.0,12005291.0,6611545.0,-841705.0,-104812.0,0.2329599221535003,0.2512536205027371,0.5157864573437626,0.27885859557749526,0.2748214130603427,0.44631999136216216,0.2467927649582618,0.29593310778713705,0.45727412725460115,H,H
2025-26,14,135,2025-12-02T19:30:00Z,10,Fulham,13,Man City,4.0,5.0,A,,,,0.45,0.27,0.28,-0.05544529262086514,0.046373764192848575,-0.024378422060128427,0.14030332564361447,430533.0,1946145.0,19257021.0,-17432.0,296967.0,0.7436138169841728,0.16789003564133284,0.08849614737449449,0.27885859557749526,0.2748214130603427,0.44631999136216216,0.3298295844253235,0.20586350390603303,0.46430691166864346,A,H
2025-26,14,139,2025-12-02T20:15:00Z,15,Newcastle,18,Spurs,2.0,2.0,D,,,,0.45,0.27,0.28,0.4277151478575739,0.4356384306965657,0.08020885827829353,0.30806018297526955,1081316.0,8487555.0,12328667.0,354362.0,-474137.0,0.36664754331180716,0.18213283395707328,0.4512196227311195,0.27885859557749526,0.2748214130603427,0.44631999136216216,0.3193433579676377,0.21566516471951988,0.4649914773128424,H,H
2025-26,14,131,2025-12-03T19:30:00Z,1,Arsenal,5,Brentford,2.0,0.0,H,,,,0.45,0.27,0.28,0.6516686259460405,0.8546647506837753,-0.022616519624921,0.9030580023410238,1849005.0,25027044.0,4977240.0,335378.0,179266.0,0.07807811624862507,0.27993321015153744,0.6419886735998375,0.27885859557749526,0.2748214130603427,0.44631999136216216,0.20836690746528957,0.3123751982445982,0.4792578942901121,H,H
2025-26,14,133,2025-12-03T19:30:00Z,6,Brighton,2,Aston Villa,3.0,4.0,A,,,,0.45,0.27,0.28,0.8992941572949561,0.43395505082006286,0.056580855428065416,0.28025246750279514,1361219.0,4661762.0,6158570.0,288195.0,32272.0,0.365795351267731,0.19394379758143895,0.44026085115083,0.27885859557749526,0.2748214130603427,0.44631999136216216,0.3193433579676377,0.21566516471951988,0.4649914773128424,H,H
2025-26,14,134,2025-12-03T19:30:00Z,3,Burnley,8,Crystal Palace,0.0,1.0,A,,,,0.45,0.27,0.28,-0.399128517498348,0.26256367556795673,-0.001658324308218116,0.3905018066901887,-446978.0,8075443.0,15576493.0,-61004.0,-91838.0,0.49523041232506254,0.21849853443691294,0.2862710532380246,0.27885859557749526,0.2748214130603427,0.44631999136216216,0.30725829879647215,0.2571148479581464,0.43562685324538153,A,H
2025-26,14,140,2025-12-03T19:30:00Z,20,Wolves,16,Nott'm Forest,0.0,1.0,A,,,,0.45,0.27,0.28,-0.005195384911064682,0.18020932966979752,-0.06317216314776192,0.18629474739762866,-284276.0,1388258.0,5179012.0,-1676.0,320917.0,0.6028809235826449,0.2075853078062726,0.1895337686110824,0.27885859557749526,0.2748214130603427,0.44631999136216216,0.3331646117764865,0.226205998663991,0.4406293895595225,A,H
2025-26,14,136,2025-12-03T20:15:00Z,11,Leeds,7,Chelsea,3.0,1.0,H,,,,0.45,0.27,0.28,-0.3829044331310877,0.073064426125274,-0.027467214589338037,0.18683311560576832,-441626.0,2429344.0,20629986.0,-82357.0,-132727.0,0.7276025658421131,0.18028214878797094,0.09211528536991598,0.27885859557749526,0.2748214130603427,0.44631999136216216,0.3365210840605683,0.2179492677919765,0.4455296481474553,A,H
2025-26,14,137,2025-12-03T20:15:00Z,12,Liverpool,17,Sunderland,1.0,1.0,D,,,,0.45,0.27,0.28,-0.41652327297598907,0.8319706304439649,0.011462149155553379,0.6173341306217047,-80714.0,14927204.0,5283734.0,-57853.0,-81041.0,0.1200978009577833,0.23006498940594028,0.6498372096362764,0.27885859557749526,0.2748214130603427,0.44631999136216216,0.24263085407040083,0.293957840984904,0.4634113049446952,H,H
2025-26,14,138,2025-12-04T20:00:00Z,14,Man Utd,19,West Ham,1.0,1.0,D,,,,0.45,0.27,0.28,0.6886146259517165,0.8387081265776849,0.06416898964644381,0.56301983518089,681931.0,10499192.0,2875734.0,254147.0,-114922.0,0.11469069071348033,0.21831740253848203,0.6669919067480377,0.27885859557749526,0.2748214130603427,0.44631999136216216,0.2444706408458651,0.2843848217728614,0.47114453738127365,H,H
2025-26,15,141,2025-12-06T12:30:00Z,2,Aston Villa,1,Arsenal,2.0,1.0,H,,,,0.45,0.27,0.28,-0.3572519911144823,0.16473057969787783,-0.012373204015087994,0.18506231357012548,181635.0,5998539.0,24685378.0,-131876.0,-237263.0,0.6112891195455583,0.19069182939308266,0.19801905106135895,0.27885859557749526,0.2748214130603427,0.44631999136216216,0.3224461132667976,0.20794969674867203,0.46960418998453035,A,H
2025-26,15,142,2025-12-06T15:00:00Z,4,Bournemouth,7,Chelsea,0.0,0.0,D,,,,0.45,0.27,0.28,-0.46801070362725467,0.3594308317164482,-0.02930848310344073,0.3387576716942815,184400.0,11046410.0,19486705.0,-910344.0,-1034790.0,0.3920938380695557,0.23402469093022998,0.37388147100021424,0.27885859557749526,0.2748214130603427,0.44631999136216216,0.30654806479389973,0.24064862216523952,0.45280331304086074,A,H
2025-26,15,144,2025-12-06T15:00:00Z,9,Everton,16,Nott'm Forest,3.0,0.0,H,,,,0.45,0.27,0.28,0.8677227861270665,0.5891458167874505,0.03458742461816571,0.5047486574036569,416822.0,6932296.0,5082941.0,198502.0,-30259.0,0.2719531644339567,0.22932365452290943,0.49872318104313396,0.27885859557749526,0.2748214130603427,0.44631999136216216,0.2868637061542416,0.26013138533737246,0.453004908508386,H,H
2025-26,15,147,2025-12-06T15:00:00Z,13,Man City,17,Sunderland,3.0,0.0,H,,,,0.45,0.27,0.28,0.9848586007598685,0.8978593365109401,0.07500661961739301,0.5861188338957393,1681277.0,20910937.0,5256373.0,1478062.0,-22723.0,0.05788090289240479,0.2043970494802839,0.7377220476273113,0.27885859557749526,0.2748214130603427,0.44631999136216216,0.2258417986253845,0.28464554904544004,0.4895126523291755,H,H
2025-26,15,148,2025-12-06T15:00:00Z,15,Newcastle,3,Burnley,2.0,1.0,H,,,,0.45,0.27,0.28,0.9017121432656606,0.651600469617283,0.13589530508101028,0.37176623504447937,1628859.0,9972976.0,7932005.0,1191930.0,-129921.0,0.2077361685089818,0.15669596541053626,0.6355678660804819,0.27885859557749526,0.2748214130603427,0.44631999136216216,0.3062413792284869,0.21968376442853704,0.47407485634297614,H,H
2025-26,15,149,2025-12-06T15:00:00Z,18,Spurs,5,Brentford,2.0,0.0,H,,,,0.45,0.27,0.28,-0.41343753919301096,0.661063615827852,-0.12457090258293918,0.8308921342451545,-859016.0,12009129.0,5516718.0,-365910.0,519132.0,0.2268622453949824,0.2985404895308692,0.47459726507414846,0.27885859557749526,0.2748214130603427,0.44631999136216216,0.24064333504890487,0.3561993968431202,0.40315726810797486,H,H
2025-26,15,146,2025-12-06T17:30:00Z,11,Leeds,12,Liverpool,3.0,3.0,D,,,,0.45,0.27,0.28,-0.07586790107523961,0.08246813923468706,0.01927932817798732,0.23495322549459455,547445.0,2394543.0,14344958.0,-44678.0,-544213.0,0.6960404923145249,0.1734637958164696,0.1304957118690054,0.27885859557749526,0.2748214130603427,0.44631999136216216,0.3224461132667976,0.20794969674867203,0.46960418998453035,A,H
2025-26,15,143,2025-12-07T14:00:00Z,6,Brighton,19,West Ham,1.0,1.0,D,,,,0.45,0.27,0.28,0.861387299606625,0.663007904262365,0.09677948099894104,0.5353354012099424,609656.0,5219463.0,2823779.0,389335.0,-62650.0,0.2139185541663638,0.21889763364899073,0.5671838121846455,0.27885859557749526,0.2748214130603427,0.44631999136216216,0.2863537379677101,0.24259967870828247,0.47104658332400745,H,H
2025-26,15,145,2025-12-07T16:30:00Z,10,Fulham,8,Crystal Palace,1.0,2.0,A,,,,0.45,0.27,0.28,0.49216677345103343,0.09859894953709167,0.057139056462690185,0.07603278253933839,292360.0,2066076.0,15404064.0,103702.0,-107002.0,0.7145503564566724,0.11669412688008236,0.1687555166632452,0.27885859557749526,0.2748214130603427,0.44631999136216216,0.33762531899179943,0.21056862181005992,0.45180605919814065,A,H
2025-26,15,150,2025-12-08T20:00:00Z,20,Wolves,14,Man Utd,1.0,4.0,A,,,,0.45,0.27,0.28,-0.11454822707356149,0.07192815266179342,0.0003442448418465513,0.24942116560797734,123741.0,1359661.0,10346854.0,-29672.0,-229362.0,0.6975203334516676,0.190752745718534,0.11172692082979843,0.27885859557749526,0.2748214130603427,0.44631999136216216,0.3224461132667976,0.20794969674867203,0.46960418998453035,A,H
2025-26,16,154,2025-12-13T15:00:00Z,7,Chelsea,9,Everton,2.0,0.0,H,,,,0.45,0.27,0.28,-0.3632296918767507,0.7519905386067373,-0.07567441803216098,0.7375052102444986,-343952.0,19499561.0,7289104.0,-259346.0,454653.0,0.15223805622609352,0.2585553113892397,0.5892066323846668,0.27885859557749526,0.2748214130603427,0.44631999136216216,0.2369746750114378,0.3075383443999068,0.4554869805886554,H,H
2025-26,16,156,2025-12-13T15:00:00Z,12,Liverpool,6,Brighton,2.0,0.0,H,,,,0.45,0.27,0.28,-0.590811075119948,0.8193914533870279,0.08144744015901188,0.7649859118590435,35032.0,13482122.0,4321595.0,-946077.0,-655241.0,0.11854105235426035,0.2363533134108562,0.6451056342348835,0.27885859557749526,0.2748214130603427,0.44631999136216216,0.2408787272872337,0.28694912313080523,0.47217214958196096,H,H
2025-26,16,153,2025-12-13T17:30:00Z,3,Burnley,10,Fulham,2.0,3.0,A,,,,0.45,0.27,0.28,-0.14018163565475217,0.62787006469829,-0.4277985990505989,0.806309451656389,-1860396.0,7719172.0,3713639.0,-240176.0,1473143.0,0.23613806055858352,0.3861491718593718,0.3777127675820446,0.27885859557749526,0.2748214130603427,0.44631999136216216,0.2355875271956472,0.43955407791829204,0.3248583948860608,D,H
2025-26,16,151,2025-12-13T20:00:00Z,1,Arsenal,20,Wolves,2.0,1.0,H,,,,0.45,0.27,0.28,0.916836858505619,0.9677877693424297,0.045669809675743925,0.9576132387853097,819393.0,25484240.0,1339130.0,426926.0,-38724.0,0.0,0.2511979204411406,0.7488020795588594,0.27885859557749526,0.2748214130603427,0.44631999136216216,0.21603967336392077,0.31353041794684505,0.4704299086892342,H,H
2025-26,16,155,2025-12-14T14:00:00Z,8,Crystal Palace,13,Man City,0.0,3.0,A,,,,0.45,0.27,0.28,-0.6134125127250988,0.23940501790428062,-0.2942439793832654,0.6362838066645775,-4546826.0,12506638.0,22560337.0,-2727194.0,1718743.0,0.6257286160143889,0.3182913397298571,0.055980044255754126,0.27885859557749526,0.2748214130603427,0.44631999136216216,0.304370098996504,0.37044174575083927,0.3251881552526567,A,H
2025-26,16,158,2025-12-14T14:00:00Z,16,Nott'm Forest,18,Spurs,3.0,0.0,H,,,,0.45,0.27,0.28,-0.6676483030968462,0.2853126269091231,-0.06976098792030104,0.25226003742012254,-270111.0,4674339.0,11870638.0,-405589.0,-201899.0,0.5073063502021824,0.20969868146201934,0.2829949683357982,0.27885859557749526,0.2748214130603427,0.44631999136216216,0.3164864220315353,0.23551113943447236,0.4480024385339923,A,H
2025-26,16,159,2025-12-14T14:00:00Z,17,Sunderland,15,Newcastle,1.0,0.0,H,,,,0.45,0.27,0.28,-0.6834499744360819,0.27325957579893206,-0.06115967345831992,0.4996798791873119,2327.0,5038051.0,9752327.0,-248635.0,115158.0,0.419711085515709,0.26921690857860014,0.3110720059056909,0.27885859557749526,0.2748214130603427,0.44631999136216216,0.293586091851164,0.2585179704805155,0.4478959376683204,A,H
2025-26,16,160,2025-12-14T14:00:00Z,19,West Ham,2,Aston Villa,2.0,3.0,A,,,,0.45,0.27,0.28,0.022621424354207924,0.2687395947560795,-0.15305517882343306,0.24444851257622802,-1418555.0,2867424.0,7460739.0,28123.0,1215078.0,0.5276778095255767,0.2320853694449546,0.24023682102946875,0.27885859557749526,0.2748214130603427,0.44631999136216216,0.33217994463329986,0.2844704347006403,0.3833496206660598,A,H
2025-26,16,152,2025-12-14T16:30:00Z,5,Brentford,11,Leeds,1.0,1.0,D,,,,0.45,0.27,0.28,0.9047053989680992,0.8021065227467467,0.15976285375783017,0.5241019879662283,1685189.0,7412287.0,2604923.0,1691050.0,178121.0,0.12243614728696617,0.17270550455864506,0.7048583481543889,0.27885859557749526,0.2748214130603427,0.44631999136216216,0.2537789163798806,0.2404562289272265,0.5057648546928929,H,H
2025-26,16,157,2025-12-15T20:00:00Z,14,Man Utd,4,Bournemouth,4.0,4.0,D,,,,0.45,0.27,0.28,-0.17612658139615933,0.5531649838794023,0.10529783660086908,0.346544556083792,979856.0,10061707.0,9781407.0,-277948.0,-1300166.0,0.300007489725128,0.17548574994896676,0.5245067603259053,0.27885859557749526,0.2748214130603427,0.44631999136216216,0.3155085646640018,0.2166385969230836,0.46785283841291464,H,H
2025-26,17,168,2025-12-20T12:30:00Z,15,Newcastle,7,Chelsea,2.0,2.0,D,,,,0.45,0.27,0.28,-0.9958020938585245,0.2992425728190904,-0.13747944206830218,0.24839302138861755,-1152207.0,8514858.0,19414299.0,-1172786.0,-4943.0,0.4936647526964343,0.23310192485053047,0.27323332245303533,0.27885859557749526,0.2748214130603427,0.44631999136216216,0.3157845689982419,0.28115143574522267,0.40306399525653547,A,H
2025-26,17,162,2025-12-20T15:00:00Z,4,Bournemouth,3,Burnley,1.0,1.0,D,,,,0.45,0.27,0.28,0.9192224546280862,0.690546393361193,0.09545809002182269,0.3699546403303485,1442781.0,11151155.0,7646139.0,943546.0,-82914.0,0.18404129438378886,0.17563956439337966,0.6403191412228315,0.27885859557749526,0.2748214130603427,0.44631999136216216,0.2924408392037534,0.22426699305950565,0.483292167736741,H,H
2025-26,17,163,2025-12-20T15:00:00Z,6,Brighton,17,Sunderland,0.0,0.0,D,,,,0.45,0.27,0.28,-0.31766385708197975,0.48560290772833303,-0.07255212518372786,0.32915700422964117,-296687.0,4337432.0,5350575.0,-114798.0,246583.0,0.32014374321653793,0.24179537096501563,0.43806088581844643,0.27885859557749526,0.2748214130603427,0.44631999136216216,0.29764295395694257,0.27004498337813476,0.4323120626649227,H,H
2025-26,17,167,2025-12-20T15:00:00Z,13,Man City,19,West Ham,3.0,0.0,H,,,,0.45,0.27,0.28,0.9507271665244168,0.940796862414636,0.08417064504110018,0.8285214747551455,1716417.0,24196474.0,2787144.0,1404649.0,-72797.0,0.0,0.2305804235061756,0.7694195764938243,0.27885859557749526,0.2748214130603427,0.44631999136216216,0.21452287719270582,0.2865100514748637,0.4989670713324304,H,H
2025-26,17,170,2025-12-20T15:00:00Z,20,Wolves,5,Brentford,0.0,2.0,A,,,,0.45,0.27,0.28,0.07952710528868373,0.11808899561960715,0.03290701548287908,0.2553949386204588,345644.0,1369630.0,7097143.0,13938.0,-161322.0,0.6318326506219134,0.19285433301518384,0.1753130163629027,0.27885859557749526,0.2748214130603427,0.44631999136216216,0.3224461132667976,0.20794969674867203,0.46960418998453035,A,H
2025-26,17,169,2025-12-20T17:30:00Z,18,Spurs,12,Liverpool,1.0,2.0,A,,,,0.45,0.27,0.28,-0.5407229521936804,0.3464636154097096,-0.10103924365131302,0.5677500512552024,-1414027.0,11139952.0,14165463.0,-674819.0,573174.0,0.4071017212571323,0.27871759226457027,0.3141806864782975,0.27885859557749526,0.2748214130603427,0.44631999136216216,0.2989024426654009,0.28830273656235844,0.4127948207722407,A,H
2025-26,17,164,2025-12-20T20:00:00Z,9,Everton,1,Arsenal,0.0,1.0,A,,,,0.45,0.27,0.28,-0.5598552538139585,0.1697565706944816,-0.11285333187702282,0.17919863571814573,-112100.0,6346531.0,24653767.0,-897958.0,-705952.0,0.6086898609452203,0.22243377075498527,0.1688763682997944,0.27885859557749526,0.2748214130603427,0.44631999136216216,0.32634962001684503,0.24172903544984106,0.431921344533314,A,H
2025-26,17,166,2025-12-20T20:00:00Z,11,Leeds,8,Crystal Palace,4.0,1.0,H,,,,0.45,0.27,0.28,0.4497704375891401,0.16020173010138847,0.13829844389327964,0.1485289487632861,393809.0,2953087.0,12460993.0,316615.0,-387332.0,0.6367332708330267,0.08245115606281792,0.2808155731041554,0.27885859557749526,0.2748214130603427,0.44631999136216216,0.3358133003485101,0.19228850658775917,0.4718981930637308,A,H
2025-26,17,161,2025-12-21T16:30:00Z,2,Aston Villa,14,Man Utd,2.0,1.0,H,,,,0.45,0.27,0.28,0.2837042871676921,0.3907133927022314,0.15649270341952126,0.6977988124531299,1246366.0,7699480.0,9054082.0,382870.0,-966668.0,0.34880321447903234,0.2299556614025339,0.4212411241184338,0.27885859557749526,0.2748214130603427,0.44631999136216216,0.23774898671552433,0.2624992823527575,0.4997517309317181,H,H
2025-26,17,165,2025-12-22T20:00:00Z,10,Fulham,16,Nott'm Forest,1.0,0.0,H,,,,0.45,0.27,0.28,0.9752770298350568,0.5114107760722821,0.28538415041959764,0.36254938548301346,1298720.0,5025703.0,4687683.0,1396309.0,-35395.0,0.3276881553269015,0.10866049929437716,0.5636513453787213,0.27885859557749526,0.2748214130603427,0.44631999136216216,0.32954400739857853,0.15642783237973684,0.5140281602216847,H,H
2025-26,18,177,2025-12-26T20:00:00Z,14,Man Utd,15,Newcastle,1.0,0.0,H,,,,0.45,0.27,0.28,-0.9747806697370691,0.5007911143936421,-0.19779330498757944,0.4031868419418647,-1593923.0,7594924.0,8649623.0,-1468858.0,38001.0,0.32105363605085385,0.2636003797938606,0.41534598415528556,0.27885859557749526,0.2748214130603427,0.44631999136216216,0.2965520445178793,0.29667778519711063,0.40677017028501006,H,H
2025-26,18,178,2025-12-27T12:30:00Z,16,Nott'm Forest,13,Man City,1.0,2.0,A,,,,0.45,0.27,0.28,-0.20159408593295342,0.08943355311160328,-0.056125753347488094,0.28178552733337114,-734600.0,4502697.0,24746088.0,-146875.0,581692.0,0.7273945683028964,0.2114398329124482,0.06116559878465545,0.27885859557749526,0.2748214130603427,0.44631999136216216,0.32399887448901926,0.24701821288744902,0.4289829126235317,A,H
2025-26,18,171,2025-12-27T15:00:00Z,1,Arsenal,6,Brighton,2.0,1.0,H,,,,0.45,0.27,0.28,-0.12559122350405655,0.8978914337156265,0.11389685738760331,0.892617863039663,689309.0,24748320.0,3742676.0,-62586.0,-435744.0,0.03946218570211014,0.22817339625529182,0.732364418042598,0.27885859557749526,0.2748214130603427,0.44631999136216216,0.2217969525315957,0.2974267396724213,0.4807763077959829,H,H
2025-26,18,172,2025-12-27T15:00:00Z,5,Brentford,4,Bournemouth,4.0,1.0,H,,,,0.45,0.27,0.28,-0.8103814381209445,0.3453507859468921,-0.14596633923145352,0.3700715423266815,-851811.0,6145976.0,11051799.0,-793814.0,185741.0,0.3941283496530582,0.2540500872209296,0.35182156312601215,0.27885859557749526,0.2748214130603427,0.44631999136216216,0.29589531307625283,0.28460471663089254,0.4194999702928547,A,H
2025-26,18,173,2025-12-27T15:00:00Z,3,Burnley,9,Everton,0.0,0.0,D,,,,0.45,0.27,0.28,-0.5521934555915139,0.4513927578694272,-0.031063713285816554,0.6295014384651783,-606048.0,7489338.0,6795778.0,-122852.0,99627.0,0.3231276059183089,0.2617676253193355,0.4151047687623556,0.27885859557749526,0.2748214130603427,0.44631999136216216,0.26134184389168225,0.27814796564068967,0.4605101904676281,H,H
2025-26,18,176,2025-12-27T15:00:00Z,12,Liverpool,20,Wolves,2.0,1.0,H,,,,0.45,0.27,0.28,0.9983175799932401,0.9554917813900302,0.108179368927722,0.8975325421546474,2536537.0,16751992.0,1419622.0,1848978.0,3115.0,0.0,0.24665248231574513,0.7533475176842549,0.27885859557749526,0.2748214130603427,0.44631999136216216,0.18197931264479467,0.2781990919700633,0.539821595385142,H,H
2025-26,18,180,2025-12-27T15:00:00Z,19,West Ham,10,Fulham,0.0,1.0,A,,,,0.45,0.27,0.28,0.3494351736878767,0.3833427599020947,-0.0012458745954245856,0.4528288738179047,246669.0,2905998.0,4897888.0,34614.0,64442.0,0.3529307152472185,0.23820781755615336,0.4088614671966281,0.27885859557749526,0.2748214130603427,0.44631999136216216,0.30126937848089963,0.25529213919405114,0.44343848232504934,H,H
2025-26,18,174,2025-12-27T17:30:00Z,7,Chelsea,2,Aston Villa,1.0,2.0,A,,,,0.45,0.27,0.28,-0.3019734929514508,0.7031022487755293,-0.11614164706595503,0.6921272631977706,-1311663.0,18952125.0,8548969.0,-359401.0,830772.0,0.23289210493497473,0.2663002752474778,0.5008076198175475,0.27885859557749526,0.2748214130603427,0.44631999136216216,0.255286155025946,0.34221612486111713,0.40249772011293683,H,H
2025-26,18,179,2025-12-28T14:00:00Z,17,Sunderland,11,Leeds,1.0,1.0,D,,,,0.45,0.27,0.28,0.39241436302081945,0.6110088698912597,-0.09331022784551643,0.7027982535457322,-155050.0,5903225.0,3660787.0,368016.0,569808.0,0.254884795464461,0.2731507711049737,0.4719644334305652,0.27885859557749526,0.2748214130603427,0.44631999136216216,0.25216177251115346,0.3101538399705558,0.43768438751829075,H,H
2025-26,18,175,2025-12-28T16:30:00Z,8,Crystal Palace,18,Spurs,0.0,1.0,A,,,,0.45,0.27,0.28,-0.5976567150760888,0.5326186977745001,-0.017325084131571855,0.5710193372229293,-427224.0,11503566.0,10609749.0,-737913.0,-496763.0,0.30217047220301196,0.2590241235891432,0.438805404207845,0.27885859557749526,0.2748214130603427,0.44631999136216216,0.2637319144290955,0.2743748200696887,0.46189326550121573,H,H
2025-26,19,183,2025-12-30T19:30:00Z,3,Burnley,15,Newcastle,1.0,3.0,A,,,,0.45,0.27,0.28,-0.3205279847649664,0.3354147110083933,-0.06617496530224773,0.6676925975126915,-1028805.0,7292384.0,9481474.0,-183459.0,388905.0,0.39011496186577305,0.2690640691612022,0.34082096897302466,0.27885859557749526,0.2748214130603427,0.44631999136216216,0.2898386183085114,0.28978996760315556,0.4203714140883331,A,H
2025-26,19,184,2025-12-30T19:30:00Z,7,Chelsea,4,Bournemouth,2.0,2.0,D,,,,0.45,0.27,0.28,-0.23801686186409612,0.6462484404493247,0.033481539779150644,0.7351976476159445,882782.0,19199081.0,10415973.0,-131163.0,-419902.0,0.21930989732171513,0.24404810565974575,0.5366419970185391,0.27885859557749526,0.2748214130603427,0.44631999136216216,0.22374359084792567,0.29115208112535246,0.4851043280267218,H,H
2025-26,19,188,2025-12-30T19:30:00Z,16,Nott'm Forest,9,Everton,0.0,2.0,A,,,,0.45,0.27,0.28,0.3397669647350288,0.40861396652618864,-0.0033564215452254187,0.3918471694157927,276947.0,4664278.0,6680412.0,43886.0,85278.0,0.3478552940475187,0.23583952934154345,0.4163051766109379,0.27885859557749526,0.2748214130603427,0.44631999136216216,0.3064600421835701,0.24908922508184958,0.44445073273458036,H,H
2025-26,19,190,2025-12-30T19:30:00Z,19,West Ham,6,Brighton,2.0,2.0,D,,,,0.45,0.27,0.28,-0.43948186102022757,0.4305053299947785,-0.02882656530029032,0.3818973896742088,-368542.0,2803456.0,4008676.0,-42715.0,54478.0,0.3509428611292965,0.2421652319530196,0.40689190691768384,0.27885859557749526,0.2748214130603427,0.44631999136216216,0.2950744083283609,0.2621703593594827,0.44275523231215647,H,H
2025-26,19,181,2025-12-30T20:15:00Z,1,Arsenal,2,Aston Villa,4.0,1.0,H,,,,0.45,0.27,0.28,-0.8642236489000898,0.762737046051951,-0.027616372788142815,0.7903355271034277,-1324687.0,23056578.0,8181914.0,-1142597.0,-179510.0,0.1730598804001402,0.24484752752644595,0.5820925920734139,0.27885859557749526,0.2748214130603427,0.44631999136216216,0.23765370243970757,0.33386628836691745,0.4284800091933749,H,H
2025-26,19,187,2025-12-30T20:15:00Z,14,Man Utd,20,Wolves,1.0,1.0,D,,,,0.45,0.27,0.28,0.991310690600555,0.9134926945998374,0.1286756041166801,0.8418452884058842,2179017.0,9750999.0,1396680.0,1182366.0,-10363.0,0.012068151581477188,0.2276233267610454,0.7603085216574773,0.27885859557749526,0.2748214130603427,0.44631999136216216,0.20816845763301148,0.27826800612811675,0.5135635362388717,H,H
2025-26,19,185,2026-01-01T17:30:00Z,8,Crystal Palace,10,Fulham,1.0,1.0,D,,,,0.45,0.27,0.28,-0.8207369930843769,0.7127862333446752,-0.015538614540481232,0.8653959873737442,-56796.0,11284752.0,4735870.0,-365649.0,-79863.0,0.16561520769931398,0.27481766212751885,0.5595671301731671,0.27885859557749526,0.2748214130603427,0.44631999136216216,0.21759745184512208,0.31094963770870443,0.47145291044617343,H,H
2025-26,19,186,2026-01-01T17:30:00Z,12,Liverpool,11,Leeds,0.0,0.0,D,,,,0.45,0.27,0.28,0.9911262689382067,0.8928239445627101,0.04101549574332785,0.7940096860037128,755484.0,17305869.0,3459180.0,743088.0,6652.0,0.0550960942999667,0.2289303107123787,0.7159735949876547,0.27885859557749526,0.2748214130603427,0.44631999136216216,0.2215294364096995,0.2983331002645175,0.48013746332578294,H,H
2025-26,19,182,2026-01-01T20:00:00Z,5,Brentford,18,Spurs,0.0,0.0,D,,,,0.45,0.27,0.28,-0.5183597930096826,0.397486168607569,-0.007620095892206262,0.2355447894052801,-45025.0,6119205.0,10628003.0,-100271.0,-93167.0,0.38540831187900615,0.21049438894508907,0.4040972991759048,0.27885859557749526,0.2748214130603427,0.44631999136216216,0.3220598777761868,0.21917871125562996,0.4587614109681833,H,H
2025-26,19,189,2026-01-01T20:00:00Z,17,Sunderland,13,Man City,0.0,0.0,D,,,,0.45,0.27,0.28,-0.2754890793292101,0.09018582234889616,-0.043292487419121395,0.376415971834934,-887688.0,5416985.0,25147536.0,-149706.0,393712.0,0.715256946254035,0.22292122735952016,0.061821826386444824,0.27885859557749526,0.2748214130603427,0.44631999136216216,0.3163963644364956,0.2659386828723752,0.41766495269112924,A,H
2025-26,20,191,2026-01-03T12:30:00Z,2,Aston Villa,16,Nott'm Forest,3.0,1.0,H,,,,0.45,0.27,0.28,0.9161623778960319,0.7089573521545219,0.12437167110597155,0.6024981798767169,1451726.0,9480413.0,4511051.0,988913.0,-90494.0,0.14918041213815353,0.21876515242343805,0.6320544354384084,0.27885859557749526,0.2748214130603427,0.44631999136216216,0.2453292830042134,0.27661689772355286,0.4780538192722338,H,H
2025-26,20,193,2026-01-03T15:00:00Z,6,Brighton,3,Burnley,2.0,0.0,H,,,,0.45,0.27,0.28,0.30366766908426207,0.4127425042625194,0.028949950996151903,0.24311584121485075,81602.0,4059189.0,7261295.0,51499.0,-118090.0,0.3769723567547901,0.20409095719976098,0.418936686045449,0.27885859557749526,0.2748214130603427,0.44631999136216216,0.31924100048165843,0.21590517537629883,0.4648538241420427,H,H
2025-26,20,200,2026-01-03T15:00:00Z,20,Wolves,19,West Ham,3.0,0.0,H,,,,0.45,0.27,0.28,0.03706941670211369,0.23573038358250414,-0.132419699677739,0.3534262121505515,-577104.0,1377316.0,3361196.0,18911.0,491239.0,0.5284091729425304,0.2392210712408394,0.23236975581663036,0.27885859557749526,0.2748214130603427,0.44631999136216216,0.32068017782709124,0.27095966827425444,0.4083601538986543,A,H
2025-26,20,192,2026-01-03T17:30:00Z,4,Bournemouth,1,Arsenal,2.0,3.0,A,,,,0.45,0.27,0.28,-0.8020739026555317,0.286952339608923,-0.03889907106750672,0.18454851054049073,-839763.0,10337924.0,23818292.0,-363232.0,89633.0,0.49296159387529626,0.2035936450371163,0.30344476108758756,0.27885859557749526,0.2748214130603427,0.44631999136216216,0.3253334444977985,0.24791377960386668,0.4267527758983348,A,H
2025-26,20,196,2026-01-04T12:30:00Z,11,Leeds,14,Man Utd,1.0,1.0,D,,,,0.45,0.27,0.28,0.41548453882127695,0.23822002861371377,0.07857336642917566,0.3395437476538492,1364184.0,3702432.0,8630067.0,181418.0,-255223.0,0.4674218120585222,0.17186667892873791,0.3607115090127399,0.27885859557749526,0.2748214130603427,0.44631999136216216,0.32468739495743243,0.2023003638536039,0.4730122411889637,A,H
2025-26,20,194,2026-01-04T15:00:00Z,9,Everton,5,Brentford,2.0,4.0,A,,,,0.45,0.27,0.28,0.7034870729483099,0.5228582293209137,0.09715033022327488,0.6678512719331621,589068.0,7201832.0,6051557.0,465942.0,-196389.0,0.288672802162061,0.24107533055165303,0.470251867286286,0.27885859557749526,0.2748214130603427,0.44631999136216216,0.2529377012376043,0.273355914758006,0.4737063840043897,H,H
2025-26,20,198,2026-01-04T15:00:00Z,15,Newcastle,8,Crystal Palace,2.0,0.0,H,,,,0.45,0.27,0.28,0.41729777427479736,0.4848859172438741,0.06701863977192488,0.2504600332102028,-34682.0,9459492.0,11297452.0,292257.0,-408098.0,0.3235007223184014,0.2140330063874431,0.46246627129415546,0.27885859557749526,0.2748214130603427,0.44631999136216216,0.3193433579676377,0.21566516471951988,0.4649914773128424,H,H
2025-26,20,199,2026-01-04T15:00:00Z,18,Spurs,17,Sunderland,1.0,1.0,D,,,,0.45,0.27,0.28,0.27740317088466543,0.6710985738206977,-0.037202330492616356,0.6226519003649864,-563660.0,10534537.0,5887179.0,107046.0,278839.0,0.2301630950890346,0.25431605784054884,0.5155208470704167,0.27885859557749526,0.2748214130603427,0.44631999136216216,0.2624145894380635,0.3014343244763937,0.4361510860855427,H,H
2025-26,20,195,2026-01-04T15:15:00Z,10,Fulham,12,Liverpool,2.0,2.0,D,,,,0.45,0.27,0.28,-0.7523707887995554,0.1561975630266005,-0.06377424806062942,0.18612542235596535,465816.0,4594538.0,16698721.0,-322190.0,-106042.0,0.6300693564570953,0.2091680764971394,0.1607625670457653,0.27885859557749526,0.2748214130603427,0.44631999136216216,0.31276204734719776,0.23101308601197434,0.45622486664082784,A,H
2025-26,20,197,2026-01-04T17:30:00Z,13,Man City,7,Chelsea,1.0,1.0,D,,,,0.45,0.27,0.28,-0.06926505958731938,0.684964326454178,0.0540658172637173,0.42930006083450595,1121081.0,25090474.0,18020938.0,-76603.0,-1029336.0,0.18914533157918048,0.20747259389122313,0.6033820745295964,0.27885859557749526,0.2748214130603427,0.44631999136216216,0.271036814176621,0.2611631883644339,0.46779999745894507,H,H
2025-26,21,210,2026-01-06T20:00:00Z,19,West Ham,16,Nott'm Forest,1.0,2.0,A,,,,0.45,0.27,0.28,-0.6088819847397999,0.43727852929925054,-0.010986325478379046,0.32481286692148537,-93988.0,3248036.0,4491879.0,-66633.0,-42801.0,0.35682804170949645,0.21583952845328871,0.42733242983721487,0.27885859557749526,0.2748214130603427,0.44631999136216216,0.3122834527855027,0.23528986829929027,0.45242667891520705,H,H
2025-26,21,202,2026-01-07T19:30:00Z,4,Bournemouth,18,Spurs,3.0,2.0,H,,,,0.45,0.27,0.28,-0.7597962261827808,0.5422814327766229,-0.020419131769654188,0.30717034880947636,-158205.0,10076151.0,10430969.0,-296202.0,-93641.0,0.3185046223986436,0.21813707130382087,0.46335830629753555,0.27885859557749526,0.2748214130603427,0.44631999136216216,0.30458925109690305,0.2388242920361708,0.4565864568669261,H,H
2025-26,21,203,2026-01-07T19:30:00Z,5,Brentford,17,Sunderland,3.0,0.0,H,,,,0.45,0.27,0.28,0.746428432105864,0.5995740027224985,0.07734410501106323,0.3369483136622774,646512.0,7008181.0,6197291.0,880169.0,299004.0,0.27473381422546395,0.20219885563704754,0.5230673301374885,0.27885859557749526,0.2748214130603427,0.44631999136216216,0.31574661446915125,0.21685966129363723,0.4673937242372115,H,H
2025-26,21,205,2026-01-07T19:30:00Z,8,Crystal Palace,2,Aston Villa,0.0,0.0,D,,,,0.45,0.27,0.28,-0.3288426070568316,0.4794235882335076,-0.11377156111335843,0.6892324563697022,-1146018.0,10925132.0,10254111.0,-391545.0,799130.0,0.31881562855880896,0.27350787814424055,0.40767649329695044,0.27885859557749526,0.2748214130603427,0.44631999136216216,0.2613432480567435,0.32371836488307826,0.41493838706017827,H,H
2025-26,21,206,2026-01-07T19:30:00Z,9,Everton,20,Wolves,1.0,1.0,D,,,,0.45,0.27,0.28,0.9234085024070996,0.8738364384003666,0.041450693704254825,0.8780273417378737,598770.0,7854087.0,1430801.0,597678.0,49573.0,0.05663761659809766,0.24113098733131005,0.7022313960705924,0.27885859557749526,0.2748214130603427,0.44631999136216216,0.2215294364096995,0.2983331002645175,0.48013746332578294,H,H
2025-26,21,207,2026-01-07T19:30:00Z,10,Fulham,7,Chelsea,2.0,1.0,H,,,,0.45,0.27,0.28,-0.24032022881498513,0.17609333231788746,-0.003744300048541616,0.13294249169970804,101687.0,4530397.0,17855110.0,-85703.0,-270916.0,0.6112891195455583,0.19069182939308266,0.19801905106135895,0.27885859557749526,0.2748214130603427,0.44631999136216216,0.3224461132667976,0.20794969674867203,0.46960418998453035,A,H
2025-26,21,208,2026-01-07T19:30:00Z,13,Man City,6,Brighton,1.0,1.0,D,,,,0.45,0.27,0.28,-0.524056104698268,0.9306765188107731,0.09302518771969183,0.763601471407779,89356.0,24725357.0,3604716.0,-439834.0,-399453.0,0.035752762929655554,0.21898124542517455,0.7452659916451699,0.27885859557749526,0.2748214130603427,0.44631999136216216,0.22017417340573076,0.3032454805190577,0.47658034607521155,H,H
2025-26,21,204,2026-01-07T20:15:00Z,3,Burnley,14,Man Utd,2.0,2.0,D,,,,0.45,0.27,0.28,-0.7138781013298933,0.3364957329542105,-0.015014122106740663,0.6685494035448503,-141998.0,7106426.0,8617196.0,-159374.0,-63876.0,0.3783432895963255,0.25748662777641596,0.3641700826272586,0.27885859557749526,0.2748214130603427,0.44631999136216216,0.25270684308943414,0.27387965264639197,0.47341350426417383,A,H
2025-26,21,209,2026-01-07T20:15:00Z,15,Newcastle,11,Leeds,4.0,3.0,H,,,,0.45,0.27,0.28,0.9692447828712375,0.7789619253752277,0.059340489270585106,0.6839933595240305,723865.0,10199045.0,3718120.0,662914.0,21034.0,0.12873707353516853,0.2281931229508615,0.64306980351397,0.27885859557749526,0.2748214130603427,0.44631999136216216,0.24168234548462983,0.28494607478804174,0.4733715797273284,H,H
2025-26,21,201,2026-01-08T20:00:00Z,1,Arsenal,12,Liverpool,0.0,0.0,D,,,,0.45,0.27,0.28,0.21708711460982774,0.5815722717494549,0.106507797808497,0.7236954727657104,1830059.0,24203830.0,15254200.0,383482.0,-1383006.0,0.24580368362190058,0.22471322836114735,0.5294830880169521,0.27885859557749526,0.2748214130603427,0.44631999136216216,0.21931210055702413,0.2748534044764859,0.5058344949664899,H,H
2025-26,22,216,2026-01-17T12:30:00Z,14,Man Utd,13,Man City,2.0,0.0,H,,,,0.45,0.27,0.28,-0.21712628316371552,0.16479120045186785,0.0012311493060599005,0.34414069488361415,-4465426.0,8129234.0,28702821.0,-472439.0,-1703432.0,0.7215363898871853,0.18093134496176494,0.0975322651510498,0.27885859557749526,0.2748214130603427,0.44631999136216216,0.34508163717091134,0.30750792196105814,0.3474104408680304,A,H
2025-26,22,213,2026-01-17T15:00:00Z,7,Chelsea,5,Brentford,2.0,0.0,H,,,,0.45,0.27,0.28,-0.303766362054361,0.6957666190319727,-0.12690529154444968,0.7572455881191285,-1159746.0,17511741.0,7824558.0,-362557.0,830981.0,0.2336501645710201,0.26991862323426846,0.4964312121947114,0.27885859557749526,0.2748214130603427,0.44631999136216216,0.24211535965489053,0.3580136417740232,0.3998709985710862,H,H
2025-26,22,214,2026-01-17T15:00:00Z,11,Leeds,10,Fulham,1.0,0.0,H,,,,0.45,0.27,0.28,0.4698891203255738,0.43114729018284365,0.006288462326087624,0.5552795333472345,-46118.0,4179793.0,5038188.0,410349.0,462939.0,0.32889150551829716,0.24635695257835782,0.4247515419033451,0.27885859557749526,0.2748214130603427,0.44631999136216216,0.2925716639489693,0.2672537225839986,0.4401746134670321,H,H
2025-26,22,215,2026-01-17T15:00:00Z,12,Liverpool,3,Burnley,1.0,1.0,D,,,,0.45,0.27,0.28,0.7776134784256744,0.8117482054830879,0.04094133756468414,0.4984532237270352,685486.0,15840396.0,7007136.0,393883.0,-112644.0,0.1294508571824769,0.2173796903510412,0.653169452466482,0.27885859557749526,0.2748214130603427,0.44631999136216216,0.26968685869759923,0.27048683938192947,0.4598263019204712,H,H
2025-26,22,219,2026-01-17T15:00:00Z,18,Spurs,19,West Ham,1.0,2.0,A,,,,0.45,0.27,0.28,-0.3734690687695611,0.7631516419090959,0.09627475138134875,0.8616486535969161,179314.0,10269436.0,2907189.0,-200709.0,-336708.0,0.12842167132430685,0.23883883414653856,0.6327394945291547,0.27885859557749526,0.2748214130603427,0.44631999136216216,0.22337199298767305,0.2924110768608353,0.48421693015149164,H,H
2025-26,22,218,2026-01-17T15:00:00Z,17,Sunderland,8,Crystal Palace,2.0,1.0,H,,,,0.45,0.27,0.28,0.6286473422749642,0.33717456942256746,0.07830710892230432,0.3769929991969389,590012.0,6606779.0,10744608.0,379510.0,-224182.0,0.3808099388788685,0.20728429470666115,0.4119057664144704,0.27885859557749526,0.2748214130603427,0.44631999136216216,0.3193433579676377,0.21566516471951988,0.4649914773128424,H,H
2025-26,22,217,2026-01-17T17:30:00Z,16,Nott'm Forest,1,Arsenal,0.0,0.0,D,,,,0.45,0.27,0.28,-0.11827129860899213,0.11869774363587711,-0.06788160361656287,0.1337715980638048,-1242191.0,4352508.0,25306650.0,-129460.0,965141.0,0.6892236556538585,0.1905128858293512,0.12026345851679032,0.27885859557749526,0.2748214130603427,0.44631999136216216,0.3475961340901855,0.2246427771220477,0.42776108878776686,A,H
2025-26,22,220,2026-01-18T14:00:00Z,20,Wolves,15,Newcastle,0.0,0.0,D,,,,0.45,0.27,0.28,0.023873844245658873,0.08623430952910774,-0.03211212046813376,0.16261511445210913,-402058.0,1445606.0,10615908.0,10163.0,415532.0,0.6997313317953736,0.18623592729020452,0.11403274091442192,0.27885859557749526,0.2748214130603427,0.44631999136216216,0.3365210840605683,0.2179492677919765,0.4455296481474553,A,H
2025-26,22,211,2026-01-18T16:30:00Z,2,Aston Villa,9,Everton,0.0,1.0,A,,,,0.45,0.27,0.28,0.3579503006260756,0.6336063061626722,0.10287383337231323,0.4679157775088246,951610.0,10572454.0,7220820.0,299933.0,-537984.0,0.23843267116547723,0.20121097470407906,0.5603563541304438,0.27885859557749526,0.2748214130603427,0.44631999136216216,0.28509026728661935,0.2260228673816313,0.4888868653317493,H,H
2025-26,22,212,2026-01-19T20:00:00Z,6,Brighton,4,Bournemouth,1.0,1.0,D,,,,0.45,0.27,0.28,-0.8874722497652747,0.45094027972474043,-0.0314573629232335,0.3812468183806365,5529554.0,3537022.0,4478903.0,-101139.0,12823.0,0.32311769605519697,0.2307760597676773,0.4461062441771257,0.27885859557749526,0.2748214130603427,0.44631999136216216,0.24504839181395663,0.1996254992941347,0.5553261088919087,H,H
2025-26,23,230,2026-01-24T12:30:00Z,19,West Ham,17,Sunderland,3.0,1.0,H,,,,0.45,0.27,0.28,-0.0644432745057645,0.3344785347599089,-0.061341796620386774,0.1818548817323993,-391216.0,2901299.0,6992105.0,-25338.0,367844.0,0.4340705035263633,0.20767518757320044,0.3582543089004363,0.27885859557749526,0.2748214130603427,0.44631999136216216,0.3331646117764865,0.226205998663991,0.4406293895595225,A,H
2025-26,23,224,2026-01-24T15:00:00Z,3,Burnley,18,Spurs,2.0,2.0,D,,,,0.45,0.27,0.28,-0.1586616297895305,0.35207447962147714,0.009481287038433817,0.4559217528409435,105070.0,6993528.0,10150758.0,-24990.0,-132514.0,0.38636410373053554,0.22671460655931872,0.3869212897101458,0.27885859557749526,0.2748214130603427,0.44631999136216216,0.30099516560070433,0.25593161633551037,0.4430732180637854,H,H
2025-26,23,227,2026-01-24T15:00:00Z,10,Fulham,6,Brighton,2.0,1.0,H,,,,0.45,0.27,0.28,0.9808845105847831,0.6165718052369794,0.023344734621941837,0.39644408148312105,111745.0,5153715.0,3540804.0,116995.0,-2279.0,0.2498471558795107,0.23147735515036277,0.5186754889701265,0.27885859557749526,0.2748214130603427,0.44631999136216216,0.30324259858015506,0.2497220953025357,0.44703530611730924,H,H
2025-26,23,228,2026-01-24T15:00:00Z,13,Man City,20,Wolves,2.0,0.0,H,,,,0.45,0.27,0.28,-0.9802150383013364,0.9782100417567406,-0.07185225340704093,0.9371478769499102,3458979.0,32199451.0,1483257.0,-1608725.0,32470.0,0.01163578402072126,0.298436366215043,0.6899278497642357,0.27885859557749526,0.2748214130603427,0.44631999136216216,0.14181157524955612,0.3048995699194655,0.5532888548309783,H,H
2025-26,23,222,2026-01-24T17:30:00Z,4,Bournemouth,12,Liverpool,3.0,2.0,H,,,,0.45,0.27,0.28,-0.9213912209162869,0.14550406297443072,-0.02138551322480803,0.340984708505677,-67724.0,4384311.0,15813528.0,-96032.0,-8192.0,0.6207901035953023,0.21119004174528536,0.16801985465941235,0.27885859557749526,0.2748214130603427,0.44631999136216216,0.31081403980183625,0.23275903346109636,0.4564269267370674,A,H
2025-26,23,223,2026-01-25T14:00:00Z,5,Brentford,16,Nott'm Forest,0.0,2.0,A,,,,0.45,0.27,0.28,0.9847505418428971,0.687812935717857,0.05454004378539645,0.5273446507549336,481914.0,8327573.0,4373609.0,467983.0,7246.0,0.19953121256065054,0.22200703306556754,0.5784617543737819,0.27885859557749526,0.2748214130603427,0.44631999136216216,0.2815417025423389,0.2693903559423883,0.44906794151527285,H,H
2025-26,23,225,2026-01-25T14:00:00Z,8,Crystal Palace,7,Chelsea,1.0,3.0,A,,,,0.45,0.27,0.28,-0.16291735231178853,0.21568369705561388,-0.07394776916398209,0.2742272694628105,-6057688.0,5589219.0,18414040.0,-161477.0,829681.0,0.7025675635088281,0.20083712773597773,0.09659530875519412,0.27885859557749526,0.2748214130603427,0.44631999136216216,0.34960638351527584,0.3102306862377574,0.34016293024696675,A,H
2025-26,23,229,2026-01-25T14:00:00Z,15,Newcastle,2,Aston Villa,0.0,2.0,A,,,,0.45,0.27,0.28,-0.6170392699533054,0.4849328258647065,-0.025522938247386447,0.46327672281619536,-264622.0,9928594.0,10149762.0,-644993.0,-400309.0,0.31616872228563375,0.24667955058207208,0.43715172713229417,0.27885859557749526,0.2748214130603427,0.44631999136216216,0.28312843721220693,0.2662062735563253,0.4506652892314678,H,H
2025-26,23,221,2026-01-25T16:30:00Z,1,Arsenal,14,Man Utd,2.0,3.0,A,,,,0.45,0.27,0.28,0.09572123405155196,0.7353851563271471,-0.10108883919748839,0.8398933783593908,-922909.0,25409179.0,9154672.0,101845.0,962129.0,0.16630574208960328,0.29335729872421484,0.5403369591861819,0.27885859557749526,0.2748214130603427,0.44631999136216216,0.2396969930084662,0.3573941614032341,0.4029088455882997,H,H
2025-26,23,226,2026-01-26T20:00:00Z,9,Everton,11,Leeds,1.0,1.0,D,,,,0.45,0.27,0.28,0.9077239213697271,0.6688235212271431,0.03825752448766774,0.7461419042407011,356098.0,7539223.0,4142098.0,243398.0,-24742.0,0.19279704593148206,0.24765342240757843,0.5595495316609396,0.27885859557749526,0.2748214130603427,0.44631999136216216,0.24828315928989636,0.283613985550467,0.4681028551596366,H,H
2025-26,24,232,2026-01-31T15:00:00Z,6,Brighton,9,Everton,1.0,1.0,D,,,,0.45,0.27,0.28,0.4923841059602649,0.29998618304253855,0.004431765761280217,0.2893609831851447,28432.0,3594498.0,7564485.0,31227.0,32192.0,0.4230904806501061,0.21577095327823378,0.36113856607166006,0.27885859557749526,0.2748214130603427,0.44631999136216216,0.3268035477377248,0.22115707731852735,0.45203937494374785,A,H
2025-26,24,234,2026-01-31T15:00:00Z,11,Leeds,1,Arsenal,0.0,4.0,A,,,,0.45,0.27,0.28,-0.998154807410973,0.09956461745484367,-0.053918194399192605,0.08974562330474738,-289549.0,3923926.0,25480556.0,-211511.0,390.0,0.7292914507277193,0.17829696830839875,0.09241158096388198,0.27885859557749526,0.2748214130603427,0.44631999136216216,0.3343769020301733,0.20885838423898825,0.4567647137308385,A,H
2025-26,24,240,2026-01-31T15:00:00Z,20,Wolves,4,Bournemouth,0.0,2.0,A,,,,0.45,0.27,0.28,0.19737566298474948,0.22706005065141321,-0.024645251878696137,0.17015487553196776,-407222.0,1613167.0,4921443.0,119418.0,485610.0,0.5357655196275872,0.19642111698169362,0.26781336339071904,0.27885859557749526,0.2748214130603427,0.44631999136216216,0.3331646117764865,0.226205998663991,0.4406293895595225,A,H
2025-26,24,233,2026-01-31T17:30:00Z,7,Chelsea,19,West Ham,3.0,2.0,H,,,,0.45,0.27,0.28,0.9955731293779857,0.8913752400385351,0.11154882901506522,0.8862192732346726,2525664.0,20940689.0,2902284.0,2413329.0,10730.0,0.02131746514393329,0.2506423553301835,0.7280401795258833,0.27885859557749526,0.2748214130603427,0.44631999136216216,0.1833737704976961,0.27994402387743633,0.5366822056248675,H,H
2025-26,24,235,2026-01-31T20:00:00Z,12,Liverpool,15,Newcastle,4.0,1.0,H,,,,0.45,0.27,0.28,-0.3486609482332954,0.6935167474533374,0.11250258371007024,0.6472625352114629,673828.0,15094388.0,8535626.0,-737185.0,-1377146.0,0.1654385827177057,0.21340385508544985,0.6211575621968445,0.27885859557749526,0.2748214130603427,0.44631999136216216,0.24739189789349333,0.2707120524264472,0.4818960496800594,H,H
2025-26,24,231,2026-02-01T14:00:00Z,2,Aston Villa,5,Brentford,0.0,1.0,A,,,,0.45,0.27,0.28,0.06645824799739905,0.5767478366437195,0.06896014088306264,0.6091710382369098,654560.0,10244551.0,7767802.0,36181.0,-508235.0,0.27234375161866087,0.23451388807851176,0.49314236030282743,0.27885859557749526,0.2748214130603427,0.44631999136216216,0.25270684308943414,0.27387965264639197,0.47341350426417383,H,H
2025-26,24,236,2026-02-01T14:00:00Z,14,Man Utd,10,Fulham,3.0,2.0,H,,,,0.45,0.27,0.28,0.9880580968089331,0.7444019397372184,0.18763580125791274,0.7138076300507787,2281201.0,11459376.0,5177218.0,2209290.0,26701.0,0.12953863050918257,0.18735997819272882,0.6831013912980887,0.27885859557749526,0.2748214130603427,0.44631999136216216,0.21696000973970647,0.2698025803389795,0.513237409921314,H,H
2025-26,24,237,2026-02-01T14:00:00Z,16,Nott'm Forest,8,Crystal Palace,1.0,1.0,D,,,,0.45,0.27,0.28,0.555434245332725,0.44536880070477053,0.07459472566228054,0.43609028014336837,374983.0,4596765.0,5437392.0,204512.0,-163689.0,0.3336468308543693,0.21674260374750992,0.4496105653981208,0.27885859557749526,0.2748214130603427,0.44631999136216216,0.31646307044194244,0.22389043816170404,0.4596464913963535,H,H
2025-26,24,239,2026-02-01T16:30:00Z,18,Spurs,13,Man City,2.0,2.0,D,,,,0.45,0.27,0.28,-0.22162817915336666,0.15320984972417398,0.006459961086105866,0.42075088173886077,1377588.0,9571782.0,30242887.0,-554279.0,-1946661.0,0.5778600874520347,0.23565084599603972,0.18648906655192557,0.27885859557749526,0.2748214130603427,0.44631999136216216,0.2927622244227802,0.23786140139417383,0.469376374183046,A,H
2025-26,24,238,2026-02-02T20:00:00Z,17,Sunderland,3,Burnley,3.0,0.0,H,,,,0.45,0.27,0.28,-0.5685784832451499,0.5313821871338809,-0.001405036410366752,0.47395440464014593,-16212.0,6974280.0,6991915.0,-40298.0,-30576.0,0.3090330893045217,0.24716656831618602,0.44380034237929233,0.27885859557749526,0.2748214130603427,0.44631999136216216,0.27929067679450525,0.2642239006764491,0.45648542252904567,H,H
